id,bot_id,opened_at,series,market_ticker,product_id,side,contracts,entry_cents,expiry_ts,rationale,status,result,payout_usd,pnl_usd,closed_at,chart_path
25,adverse,2026-07-23T21:53:03Z,KXETH15M,KXETH15M-26JUL231800-00,ETH,NO,5,29.5,2026-07-23T22:00:00Z,"HTF bias is bearish (favor NO / down). This window: NO aligns with HTF. KalshiRules session: us_off_hours. KalshiRules entry: NO mid≈32.5¢ → intended limit ~29.5¢ (−3¢ favorable); fill/paper 29.5¢; NEVER BUY >55¢; prefer ≤50¢ for ~2× payout. KalshiRules block/execute: minutes_left=6.9 — outside last-3m block. Model fair YES 56.5¢ vs mid 67.5¢ (edge -11.0¢); index may ≠ Coinbase chart (settlement risk). Trigger: wick-hunt after adverse excursion (excursion_pct=0.013823022776082716, mid_improvement=7.0, arm_side_mid=39.5, now_side_mid=32.5, arm_spot=1881.01, spot=1881.18). Gate=skipped_llm_no_trade. ICT none: Spot $1,881.01. Primary H4 zone: bearish 1,863.05-1,890.72 (bias only). Retest status (rolling 24h): FILLED (1,940.67 reached supply 1,876.88-1,890.72). No valid H4 SFP in the recent window. Recent valid M5 SFPs: 2 in snapshot window. Nearest detected M5 OB: bearish M5 OB 1,884.44-1,887.60 (candle 2026-07-23T21:00, displacement 2026-07-23T21:05) | entry band 0.25-0.50: 1,886.02-1,886.81 | tranches @ 1,886.81 / 1,886.02 | add @ 1,885.33. No trade until LTF structure aligns with programmatic context.",closed,yes,0.0,-1.4749999999999999,2026-07-23T22:00:03Z,/opt/kalshi-15m-bot/charts/20260723T214832Z_ETH_USD_M5_marked.png
26,adverse,2026-07-23T22:10:03Z,KXETH15M,KXETH15M-26JUL231815-15,ETH,NO,5,15.0,2026-07-23T22:15:00Z,"HTF bias is bearish (favor NO / down). This window: NO aligns with HTF. KalshiRules session: us_off_hours. KalshiRules entry: NO mid≈18.0¢ → intended limit ~15.0¢ (−3¢ favorable); fill/paper 15.0¢; NEVER BUY >55¢; prefer ≤50¢ for ~2× payout. KalshiRules block/execute: minutes_left=4.9 — outside last-3m block. Model fair YES 73.5¢ vs mid 82.0¢ (edge -8.5¢); index may ≠ Coinbase chart (settlement risk). Trigger: wick-hunt after adverse excursion (excursion_pct=0.033491220515768916, mid_improvement=41.5, arm_side_mid=59.5, now_side_mid=18.0, arm_spot=1879.8, spot=1881.72). Gate=skipped_llm_no_trade. ICT none: Audit downgrade (KALSHI_MISSING_CHART_COMPARE, M5_OB_MISLABEL): Spot $1,879.51. Primary H4 zone: bearish 1,863.05-1,890.72 (bias only). Retest status (rolling 24h): FILLED (1,940.67 reached supply 1,876.88-1,890.72). No valid H4 SFP in the recent window. Recent valid M5 SFPs: 2 in snapshot window. Nearest detected M5 OB: bearish M5 OB 1,884.44-1,887.60 (candle 2026-07-23T21:00, displacement 2026-07-23T21:05) | entry band 0.25-0.50: 1,886.02-1,886.81 | tranches @ 1,886.81 / 1,886.02 | add @ 1,885.33. No trade until LTF structure aligns with programmatic context.",closed,no,5.0,4.25,2026-07-23T22:22:03Z,/opt/kalshi-15m-bot/charts/20260723T220240Z_ETH_USD_M5_marked.png
30,adverse,2026-07-23T22:39:03Z,KXETH15M,KXETH15M-26JUL231845-45,ETH,NO,5,2.75,2026-07-23T22:45:00Z,"HTF bias is bearish (favor NO / down). This window: NO aligns with HTF. KalshiRules session: us_off_hours. KalshiRules entry: NO mid≈5.8¢ → intended limit ~2.8¢ (−3¢ favorable); fill/paper 2.8¢; NEVER BUY >55¢; prefer ≤50¢ for ~2× payout. KalshiRules block/execute: minutes_left=5.9 — outside last-3m block. Model fair YES 84.9¢ vs mid 94.2¢ (edge -9.3¢); index may ≠ Coinbase chart (settlement risk). Trigger: wick-hunt after adverse excursion (excursion_pct=0.12185323336757481, mid_improvement=21.75, arm_side_mid=27.5, now_side_mid=5.8, arm_spot=1880.45, spot=1881.6). Gate=skipped_llm_no_trade. ICT none: Audit downgrade (M5_OB_MISLABEL): Spot $1,880.45. Primary H4 zone: bearish 1,863.05-1,890.72 (bias only). Retest status (rolling 24h): FILLED (1,940.67 reached supply 1,876.88-1,890.72). No valid H4 SFP in the recent window. Recent valid M5 SFPs: 3 in snapshot window. Nearest detected M5 OB: bearish M5 OB 1,884.44-1,887.60 (candle 2026-07-23T21:00, displacement 2026-07-23T21:05) | entry band 0.25-0.50: 1,886.02-1,886.81 | tranches @ 1,886.81 / 1,886.02 | add @ 1,885.33. No trade until LTF structure aligns with programmatic context.",closed,yes,0.0,-0.1375,2026-07-23T22:50:03Z,/opt/kalshi-15m-bot/charts/20260723T223335Z_ETH_USD_M5_marked.png
34,adverse,2026-07-23T23:10:03Z,KXETH15M,KXETH15M-26JUL231915-15,ETH,NO,5,32.0,2026-07-23T23:15:00Z,"HTF bias is bearish (favor NO / down). This window: NO aligns with HTF. KalshiRules session: us_off_hours. KalshiRules entry: NO mid≈35.0¢ → intended limit ~32.0¢ (−3¢ favorable); fill/paper 32.0¢; NEVER BUY >55¢; prefer ≤50¢ for ~2× payout. KalshiRules block/execute: minutes_left=4.9 — outside last-3m block. Model fair YES 31.3¢ vs mid 65.0¢ (edge -33.7¢); index may ≠ Coinbase chart (settlement risk). Trigger: wick-hunt after adverse excursion (excursion_pct=-0.049409214552875724, mid_improvement=5.5, arm_side_mid=40.5, now_side_mid=35.0, arm_spot=1882.24, spot=1881.31). Gate=skipped_llm_no_trade. ICT none: Audit downgrade (LLM_HALLUCINATION, M5_OB_MISLABEL): Spot $1,882.31. Primary H4 zone: bearish 1,863.05-1,890.72 (bias only). Retest status (rolling 24h): FILLED (1,940.67 reached supply 1,876.88-1,890.72). No valid H4 SFP in the recent window. Recent valid M5 SFPs: 3 in snapshot window. Nearest detected M5 OB: bearish M5 OB 1,884.44-1,887.60 (candle 2026-07-23T21:00, displacement 2026-07-23T21:05) | entry band 0.25-0.50: 1,886.02-1,886.81 | tranches @ 1,886.81 / 1,886.02 | add @ 1,885.33. No trade until LTF structure aligns with programmatic context.",closed,no,5.0,3.3999999999999995,2026-07-23T23:22:03Z,/opt/kalshi-15m-bot/charts/20260723T230400Z_ETH_USD_M5_marked.png
36,adverse,2026-07-23T23:24:03Z,KXETH15M,KXETH15M-26JUL231930-30,ETH,NO,5,27.5,2026-07-23T23:30:00Z,"HTF bias is bearish (favor NO / down). This window: NO aligns with HTF. KalshiRules session: us_off_hours. KalshiRules entry: NO mid≈30.5¢ → intended limit ~27.5¢ (−3¢ favorable); fill/paper 27.5¢; NEVER BUY >55¢; prefer ≤50¢ for ~2× payout. KalshiRules block/execute: minutes_left=5.9 — outside last-3m block. Model fair YES 40.5¢ vs mid 69.5¢ (edge -29.0¢); index may ≠ Coinbase chart (settlement risk). Trigger: wick-hunt after adverse excursion (excursion_pct=-0.013072312205064662, mid_improvement=22.5, arm_side_mid=53.0, now_side_mid=30.5, arm_spot=1881.21, spot=1881.594). Gate=pass_fib. ICT short: KalshiRules session: Late US / early overnight session (~11pm ET). HTF bias is BEARISH and this NO (spot_sell) aligns with it.

On H4: Price is trading inside the active bearish H4 BREAKER / OB zone 1,863.05–1,890.72 (labeled on all three charts). This is a supply zone. The setup phase is bearish_retest_filled — the retest zone 1,876.88–1,890.72 has already been tagged (24h high 1,940.67 was made 23h ago; the recent drop to 24h low 1,867.06 4h ago confirms distribution from supply). H4 structure shows a clear LH/LL sequence since the Jul-15 high near 1,940. Regime: mixed/bear-leaning on H4 — weekly still recovering but H4 is clearly breaking down from the BRKR zone.

On H1: H1 confirms the distribution — price spiked into the H4 BRKR (upper pink zone ~1,900–1,920) and has now sold off sharply, breaking below Monday Mid 1,879.47 and retesting from below. The H4 OB (green, lower, ~1,841–1,878) provides the next demand zone. H1 structure is bearish LH/LL. Current spot 1,881.21 is sitting just above Monday Mid 1,879.47, which is a weak support after having been broken.

On M5: The bearish M5 OB 1,884.44–1,887.60 (candle 2026-07-23T21:00, displacement 2026-07-23T21:05) is the entry trigger. Fib 0.25–0.50 entry band: 1,886.81–1,886.02. Spot at 1,881.21 is currently below this OB — a retrace back into the 1,884–1,887 bearish M5 OB fib band (0.25 tranche ~1,886.81) is the entry. This M5 OB does NOT overlap any H4 OB (per programmatic context: 'no H4 OB overlap'). Two pending bullish M5 SFPs exist (1,873.11 @ 19:55 and 1,879.21 @ 22:20) — these are acknowledged as counter-pressure but remain 'pending' (unconfirmed reversals). The bearish M5 OB in supply is the higher-conviction structure given HTF bearish BRKR context.

KalshiRules entry: Target a limit sell (NO) at ~1,886.42, approximately at the 0.25 fib tranche of the bearish M5 OB (1,886.81), placing bid ~3¢ more favorable than mid. SL above the M5 OB high at ~1,892. TP1 Monday Mid 1,879.47, TP2 Weekly Open 1,870.99, TP3 H4 BRKR low 1,863.05. KalshiRules: price of NO ticket must be ≤50¢ (engine to confirm); NEVER buy YES >55¢. Not in last-3m block window. No_trade condition: if spot does not retrace into 1,884–1,887 band within ~10 minutes, skip. M5 ≥0.25% retrace rule: any M5 candle that runs hard toward OB should be waited out before entering — place limit at fib rather than chasing.

Risk note: Two pending bullish M5 SFPs (1,873 and 1,879) could accelerate recovery through the OB. If price closes above 1,887.60 (M5 OB high) on M5, short thesis is invalidated. Kalshi index may differ from Coinbase spot; freeze risk near expiry applies.",closed,no,5.0,3.625,2026-07-23T23:30:04Z,/opt/kalshi-15m-bot/charts/20260723T231817Z_ETH_USD_M5_marked.png
38,adverse,2026-07-23T23:38:03Z,KXETH15M,KXETH15M-26JUL231945-45,ETH,NO,5,33.0,2026-07-23T23:45:00Z,"HTF bias is bearish (favor NO / down). This window: NO aligns with HTF. KalshiRules session: us_off_hours. KalshiRules entry: NO mid≈36.0¢ → intended limit ~33.0¢ (−3¢ favorable); fill/paper 33.0¢; NEVER BUY >55¢; prefer ≤50¢ for ~2× payout. KalshiRules block/execute: minutes_left=6.9 — outside last-3m block. Model fair YES 49.4¢ vs mid 64.0¢ (edge -14.6¢); index may ≠ Coinbase chart (settlement risk). Trigger: wick-hunt after adverse excursion (excursion_pct=-0.0005314202205397578, mid_improvement=35.5, arm_side_mid=71.5, now_side_mid=36.0, arm_spot=1880.1, spot=1881.74). Gate=skipped_llm_no_trade. ICT none: Audit downgrade (M5_OB_MISLABEL): Spot $1,880.10. Primary H4 zone: bearish 1,863.05-1,890.72 (bias only). Retest status (rolling 24h): FILLED (1,940.67 reached supply 1,876.88-1,890.72). No valid H4 SFP in the recent window. Recent valid M5 SFPs: 3 in snapshot window. Nearest detected M5 OB: bearish M5 OB 1,884.44-1,887.60 (candle 2026-07-23T21:00, displacement 2026-07-23T21:05) | entry band 0.25-0.50: 1,886.02-1,886.81 | tranches @ 1,886.81 / 1,886.02 | add @ 1,885.33. No trade until LTF structure aligns with programmatic context.",closed,no,5.0,3.3499999999999996,2026-07-23T23:49:03Z,/opt/kalshi-15m-bot/charts/20260723T233324Z_ETH_USD_M5_marked.png
39,adverse,2026-07-24T00:23:03Z,KXETH15M,KXETH15M-26JUL232030-30,ETH,NO,5,24.5,2026-07-24T00:30:00Z,"HTF bias is mixed / conflicted. This window: NO with mixed HTF — LTF must carry the case. KalshiRules session: us_off_hours. KalshiRules entry: NO mid≈27.5¢ → intended limit ~24.5¢ (−3¢ favorable); fill/paper 24.5¢; NEVER BUY >55¢; prefer ≤50¢ for ~2× payout. KalshiRules block/execute: minutes_left=6.9 — outside last-3m block. Model fair YES 63.9¢ vs mid 72.5¢ (edge -8.6¢); index may ≠ Coinbase chart (settlement risk). Trigger: wick-hunt after adverse excursion (excursion_pct=0.04216189098749101, mid_improvement=32.0, arm_side_mid=59.5, now_side_mid=27.5, arm_spot=1873.3, spot=1874.52). Gate=pass_fib. ICT short: KalshiRules session: Asia session (~midnight ET). Price is in a low-volume overnight window with consistent directional pressure — KalshiRules Asia bias favors continuation of the established trend rather than reversal.

On H4: HTF structure is bearish. The active H4 bearish breaker (1,863.05–1,890.72) caps price from above. Price is also inside the bullish H4 OB (1,841.52–1,878.50) — so we sit in overlap between two H4 zones. The bearish breaker dominates given setup_phase = bearish_retest_rejected (latched) and the 24h supply retest zone (1,876.88–1,890.72) was already FILLED — the 24h high at 1,935.84 tagged supply 23h ago, and price has since sold off to 1,872.95. HTF bias is SHORT. This YES→NO trade aligns with HTF.

On H1: H1 confirms the sell-off structure. The H4 BRKR box (bearish, 1,863–1,890 region) is visible and active on the H1 chart. Price has been grinding lower from Monday High 1,917.43, now compressing near Weekly Open 1,870.99 and Daily Open 1,877.04. H1 shows LH/LL sequence from the Jul 22 highs — bearish continuation structure.

On M5: Spot at 1,872.95 is currently outside (below) the detected M5 OB fib entry bands. The nearest valid bearish M5 OB is 1,874.10–1,877.31 (candle 2026-07-23T23:55), with fib 0.25–0.50 entry band at 1,875.70–1,876.51 and tranches at 1,876.51 (0.25) and 1,875.70 (0.50). Spot is ~4 ticks below the 0.50 tranche. A minor retrace back into 1,875.70–1,876.51 satisfies the M5 OB fib entry requirement. The M5 OB carries no H4 OB overlap per context. The M5 bearish SFP at 1,906.17 (Jul 23 13:45) confirmed reversal 11h ago and has not been invalidated — this supports the bearish thesis. No valid bullish SFPs remain (both are live-invalidated and excluded).

KalshiRules entry: Targeting a limit entry at the 0.25 tranche of the bearish M5 OB (1,876.51), which is ≤3 ticks from spot — this is a ~3¢-favorable limit on the NO side. NO contract price must be ≤50¢ (do not buy NO >55¢). Setup_phase bearish_retest_rejected + supply FILLED strongly favor SHORT/NO.

KalshiRules block/execute: Not in last-3-minute window. Asia session active. No chase — entry is at M5 OB fib tranche, not mid-move.

Risk note: Index ≠ Coinbase chart — Kalshi settlement uses multi-exchange aggregate. Weekly Open at 1,870.99 is just below; if spot breaks below Weekly Open cleanly, bearish continuation toward 24h low 1,867.06 and Prev Week Mid 1,846.43 is the path. SL above H4 bearish breaker at ~1,891.00 (above retest zone top).",closed,no,5.0,3.775,2026-07-24T00:37:03Z,/opt/kalshi-15m-bot/charts/20260724T001843Z_ETH_USD_M5_marked.png
41,adverse,2026-07-24T01:26:03Z,KXETH15M,KXETH15M-26JUL232130-30,ETH,NO,5,34.5,2026-07-24T01:30:00Z,"HTF bias is mixed / conflicted. This window: NO with mixed HTF — LTF must carry the case. KalshiRules session: asia. KalshiRules entry: NO mid≈37.5¢ → intended limit ~34.5¢ (−3¢ favorable); fill/paper 34.5¢; NEVER BUY >55¢; prefer ≤50¢ for ~2× payout. KalshiRules block/execute: minutes_left=3.9 — outside last-3m block. Model fair YES 53.4¢ vs mid 62.5¢ (edge -9.1¢); index may ≠ Coinbase chart (settlement risk). Trigger: wick-hunt after adverse excursion (excursion_pct=0.00907503990348335, mid_improvement=29.0, arm_side_mid=66.5, now_side_mid=37.5, arm_spot=1871.7, spot=1873.44). Gate=pass_fib. ICT short: KalshiRules session: Asia session (~midnight ET). Bearish bias aligns with NO (spot_sell). Setup phase is bearish_retest_rejected (latched), strongly favoring SHORT per decision rules.

On H4: Price sits inside two overlapping zones — active bearish H4 BRKR (1,863.05–1,890.72) and active bullish H4 OB (1,841.52–1,878.50). The bearish BRKR dominates given the setup phase and that the retest supply zone (1,876.88–1,890.72) was FILLED per rolling 24h status (24h high 1,930.82 was tagged 16h ago; 24h low 1,858.43 made just 1h ago). HTF bias is mixed/conflicted (price inside both bull OB and bear BRKR), but the bearish BRKR + rejected retest + recent new 24h low strongly favor short. Regime is mixed — not applying impulse-asymmetry conviction rules.

On H1: Price has been grinding lower from ~1,944 Prev Week High through the H4 BRKR zone, now pressing toward Weekly Open (1,870.99) and Daily Open (1,877.04). The H4 OB (bullish, 1,841.52–1,878.50) is visible on H1 as a green box. Recent H1 candles show rejection from the Monday Mid (1,879.47) and Daily Open (1,877.04) area — bearish pressure confirmed at intermediate timeframe.

On M5: Two bearish M5 OBs detected. The fresher one (candle 2026-07-24T00:20, 1,871.59–1,875.93) has entry band 0.25–0.50 at 1,873.76–1,874.85. Current spot (1,871.77) is below the entry band, so a micro-retrace into 1,873.76–1,874.85 is required before entry. The M5 OB does not overlap an H4 OB per programmatic context. The earlier bearish M5 OB (1,874.10–1,877.31, band 1,875.70–1,876.51) also remains valid as a supply cluster near Daily Open. The 24h range is 1,858.43–1,930.82 (3.8% wide, ranging=True); price is 13.34 above the 24h low, suggesting further downside possible toward 1,858.43 and Prev Week Mid 1,846.43.

KalshiRules entry: targeting M5 bearish OB fib 0.25 tranche at 1,874.85 (inside band 1,873.76–1,874.85). Spot is 1,871.77 — need a ~3-point bounce to the fib. Per KalshiRules ≤50¢ rule: NO ticket should be ≤50¢; if currently >50¢, wait up to 10 minutes for cheaper entry. Intended limit: bid ~3¢ more favorable than mid on the NO side. KalshiRules block check: not in last 3 minutes of the 15m window — execute exception does not apply; normal entry window is open. M5 candle displacement was 0.23% (just under 0.25% threshold), so no mandatory retrace wait required. ICT: entry into bearish M5 OB fib 0.25–0.50, SL above H4 OB top (1,878.50), TP1 at bottom of bearish BRKR (1,863.05), TP2 at 24h low (1,858.43), TP3 at H4 bullish OB fib 0.25 (1,850.76). R/R ~2.9× to TP1. Counter-HTF note: bullish H4 OB (1,841.52–1,878.50) is active below, which is a conflict — however, setup phase bearish_retest_rejected and the filled retest supply give M5 bearish OB precedence per decision rules. No valid M5 SFPs in context (live-invalidated SFPs excluded). Risk: Kalshi index may differ from Coinbase spot; price may freeze near expiry.",closed,yes,0.0,-1.7249999999999999,2026-07-24T01:38:03Z,/opt/kalshi-15m-bot/charts/20260724T011832Z_ETH_USD_M5_marked.png
48,adverse,2026-07-24T03:20:04Z,KXETH15M,KXETH15M-26JUL232330-30,ETH,NO,5,20.5,2026-07-24T03:30:00Z,"HTF bias is mixed / conflicted. This window: NO with mixed HTF — LTF must carry the case. KalshiRules session: asia. KalshiRules entry: NO mid≈23.5¢ → intended limit ~20.5¢ (−3¢ favorable); fill/paper 20.5¢; NEVER BUY >55¢; prefer ≤50¢ for ~2× payout. KalshiRules block/execute: minutes_left=9.9 — outside last-3m block. Model fair YES 65.8¢ vs mid 76.5¢ (edge -10.7¢); index may ≠ Coinbase chart (settlement risk). Trigger: wick-hunt after adverse excursion (excursion_pct=0.09443827898241164, mid_improvement=5.0, arm_side_mid=28.5, now_side_mid=23.5, arm_spot=1874.93, spot=1876.01). Gate=pass_fib. ICT short: HTF bias is bearish. On H4: price is sitting inside the active bearish H4 BREAKER (1,863.05–1,890.72) — the supply retest zone (1,876.88–1,890.72) has already been FILLED per the 24h high at 1,930.82 made 18 bars ago. Price has since rejected and dropped to the 24h low at 1,858.43 just 3 bars ago (3h), confirming the bearish retest is complete. H4 bullish OB (1,841.52–1,878.50) is also active, so price is inside overlapping HTF zones — the alert confirms this conflict. HTF bias is net bearish given the breaker overhead and filled retest.

On H1: the H1 chart shows a clean impulse drop from the H4 BRKR zone (~1,900–1,920 area) down through the Daily Open (1,877.04) and Weekly Open (1,870.99). Price is now compressing just above Monday Mid (1,879.47) and Weekly Open (1,870.99), consistent with bearish pressure from the filled retest. No fresh bullish reclaim candle is visible on H1.

On M5: spot is at 1,874.98, currently sitting just above the bearish M5 OB 1,870.60–1,875.60 (candle 2026-07-24T02:20, displacement 2026-07-24T02:30). The fib 0.25–0.50 entry band for this OB is 1,873.10–1,874.35. Spot at 1,874.98 is marginally above the top of the entry band. A pending bullish M5 SFP printed at 1,870.29 (03:00 UTC, status: pending) — this is a potential counter-signal but is unconfirmed. The bearish M5 OBs from 00:20 and 02:20 both show no H4 OB overlap per programmatic context and are the valid M5 entry structures. Setup phase is bearish_retest_filled (latched), strongly favoring SHORT.

KalshiRules: Session is Asia (current time ~03:00 ET), where consistent trends dominate — the multi-hour down-trend from the BRKR rejection qualifies. Entry rule: spot is just above the fib band top (1,874.35); the intended limit bid for NO is at the 0.25 tranche (1,874.35) or inside band, targeting a ~3¢ favorable fill below current mid. NEVER BUY >55¢ — this is a NO (short) ticket so that rule does not block. The pending bullish M5 SFP at 1,870.29 is a conflict: if it confirms (closes back above and holds), the short thesis weakens; however, it is currently pending and the bearish phase is latched. Block/execute: current time is not in the last-3-minute window of the 15m expiry, so no block applies. Risk note: Kalshi settlement uses a multi-exchange index — the Coinbase chart freeze near expiry is a known risk. The H4 bullish OB (1,841.52–1,878.50) provides underlying support; the short targets the lower boundary of the bearish BRKR near 1,868–1,863 and the 24h low at 1,858.43. Counter-HTF conflict acknowledged: the bullish H4 OB below spot is active, but M5 bearish OB fib entry and the filled bearish retest take precedence per decision rules.",closed,yes,0.0,-1.025,2026-07-24T03:37:04Z,/opt/kalshi-15m-bot/charts/20260724T031737Z_ETH_USD_M5_marked.png
52,adverse,2026-07-24T04:51:03Z,KXETH15M,KXETH15M-26JUL240100-00,ETH,NO,5,35.0,2026-07-24T05:00:00Z,"HTF bias is mixed / conflicted. This window: NO with mixed HTF — LTF must carry the case. KalshiRules session: asia. KalshiRules entry: NO mid≈38.0¢ → intended limit ~35.0¢ (−3¢ favorable); fill/paper 35.0¢; NEVER BUY >55¢; prefer ≤50¢ for ~2× payout. KalshiRules block/execute: minutes_left=8.9 — outside last-3m block. Model fair YES 29.3¢ vs mid 62.0¢ (edge -32.7¢); index may ≠ Coinbase chart (settlement risk). Trigger: wick-hunt after adverse excursion (excursion_pct=-0.036794309146859216, mid_improvement=11.0, arm_side_mid=49.0, now_side_mid=38.0, arm_spot=1874.81, spot=1874.6). Gate=pass_fib. ICT short: HTF bias bearish. On H4: price inside active bearish H4 BRKR (1,863–1,891) and bearish retest zone FILLED — supply confirmed. Bullish H4 OB (1,841–1,878) overlaps below but bearish BRKR dominates. On H1: price grinding lower under Daily Open 1,877 and Monday Mid 1,879, rejection visible. On M5: bearish M5 OB 1,870.60–1,875.60, fib 0.25–0.50 band 1,873.10–1,874.35; spot at 1,874.57 is just above the band top — NO trade aligns HTF bear bias.

KalshiRules: Asia/early-US session; setup_phase=bearish_retest_filled favors SHORT/NO; M5 bearish OB fib retest at 1,874.35 tranche; spot outside band (above) so wait for fill into 1,874.35. Not last-3m window. NEVER BUY >55c applies to YES side — NO ticket preferred ≤50c with ~3c favorable limit. Entry rule: bid NO at market if spot taps 1,874.35 fib tranche. Conflict: bullish H4 OB below acknowledged; M5 bearish OB + filled bearish retest take precedence. Index≠Coinbase risk noted.",closed,no,5.0,3.25,2026-07-24T05:05:04Z,/opt/kalshi-15m-bot/charts/20260724T044651Z_ETH_USD_M5_marked.png
53,adverse,2026-07-24T05:06:03Z,KXETH15M,KXETH15M-26JUL240115-15,ETH,NO,5,29.5,2026-07-24T05:15:00Z,"HTF bias is mixed / conflicted. This window: NO with mixed HTF — LTF must carry the case. KalshiRules session: asia. KalshiRules entry: NO mid≈32.5¢ → intended limit ~29.5¢ (−3¢ favorable); fill/paper 29.5¢; NEVER BUY >55¢; prefer ≤50¢ for ~2× payout. KalshiRules block/execute: minutes_left=8.9 — outside last-3m block. Model fair YES 57.8¢ vs mid 67.5¢ (edge -9.7¢); index may ≠ Coinbase chart (settlement risk). Trigger: wick-hunt after adverse excursion (excursion_pct=0.013872659655644881, mid_improvement=18.0, arm_side_mid=50.5, now_side_mid=32.5, arm_spot=1874.08, spot=1874.45). Gate=pass_fib. ICT short: KalshiRules session: Early Asia / overnight ET (~2–5am ET). Lower-volume window but valid for high-conviction structural setups per KalshiRules — not a hard block session. This is NOT the last 3 minutes, so no block rule applies. Direction is NO (short/spot_sell) — this aligns with HTF bearish bias and setup_phase=bearish_retest_rejected.

On H4: Regime is mixed-to-bearish. H4 shows a clear rollover from the Prev Week High ~1,944 region with consecutive lower H4 closes. Active H4 BRKR bearish zone spans roughly 1,876–1,930 on the chart (two stacked pink H4 BRKR boxes visible). A H4 bullish OB sits below at 1,841–1,878 (green box labeled H4 OB on chart). Price is sandwiched: inside the bullish H4 OB from below and inside the bearish H4 BRKR from above — programmatic context flags this overlap explicitly. HTF bias is bearish given the BRKR overhead and the bearish_retest_rejected setup phase; the bullish H4 OB below is acknowledged as a conflict but M5 bearish OB trigger takes precedence per rules.

On H1: H1 shows price sold off sharply from Monday High 1,917 through the H4 BRKR zones, reaching a 5h-ago low of 1,858.43 (24h low). A bounce recovered to ~1,877–1,880 — exactly into the Daily Open 1,877.04 and Monday Mid 1,879.47 confluence, which is also the lower bound of the H4 bearish BRKR retest zone 1,876.88–1,890.72. The retest status is FILLED (24h high already tagged supply at 1,930). The current H1 structure shows a rejected rally into supply — no new HH printed, confirming lower-high structure on H1.

On M5: Programmatic context confirms price is IN the fib 0.25–0.50 entry band of the bearish M5 OB (1,870.60–1,875.60, candle 2026-07-24T02:20, displacement 02:30/02:35). Entry band 1,873.10–1,874.35. Spot at 1,873.88 is inside this band. An additional bearish M5 OB exists at 1,876.00–1,880.45 (candle 04:20) with fib band 1,878.22–1,879.34 — price is slightly below that one. The M5 also shows a pending bullish SFP @ 1,870.29 (2h ago, Jul 24 03:00) and a pending bearish SFP @ 1,877.15 (2h ago, Jul 24 03:30); the bearish SFP at 1,877.15 aligns with the rally rejection at Daily Open / Monday Mid zone and supports the short bias. The M5 chart shows two labeled M5 OB boxes near the Weekly Open 1,870.99 and Daily Open 1,877.04 cluster. Price is oscillating in the 1,870–1,878 band — inside the lower bearish M5 OB entry band right now.

KalshiRules entry rule: Spot is at 1,873.88. The NO (short) ticket fair value is estimated sub-50¢ given structural rejection context; KalshiRules require ≤50¢ entry with ~3¢ favorable limit bid. Engine to price — do NOT buy >55¢. Intended limit: bid NO at ~3¢ below mid if mid is ≤50¢. Never chase. M5 ≥0.25% retrace rule noted — the recent bounce from 1,858 to 1,878 (~1.1%) is the retrace candidate already printing; entering short on the rejection of that move rather than chasing the down leg.

KalshiRules block/execute: Not in last 3 minutes. No lottery exception needed. Standard execute path. Setup_phase=bearish_retest_rejected strongly favors SHORT per decision rules. M5 bearish OB fib entry confirmed (spot IN band 1,873.10–1,874.35). Bearish M5 SFP at 1,877.15 (pending) adds confluence. Risk note: Kalshi index may differ from Coinbase spot; H4 bullish OB at 1,841–1,878 is a conflict below — if price breaks below 1,858 (24h low) that OB may provide a bounce. SL placed above Daily Open 1,877.04 and Monday Mid 1,879.47 at 1,882.00 to clear both key levels and the M5 OB high at 1,880.45.",closed,yes,0.0,-1.4749999999999999,2026-07-24T05:23:03Z,/opt/kalshi-15m-bot/charts/20260724T050316Z_ETH_USD_M5_marked.png
54,adverse,2026-07-24T05:56:03Z,KXETH15M,KXETH15M-26JUL240200-00,ETH,NO,5,24.5,2026-07-24T06:00:00Z,"HTF bias is bearish (favor NO / down). This window: NO aligns with HTF. KalshiRules session: asia. KalshiRules entry: NO mid≈27.5¢ → intended limit ~24.5¢ (−3¢ favorable); fill/paper 24.5¢; NEVER BUY >55¢; prefer ≤50¢ for ~2× payout. KalshiRules block/execute: minutes_left=3.9 — outside last-3m block. Model fair YES 62.1¢ vs mid 72.5¢ (edge -10.4¢); index may ≠ Coinbase chart (settlement risk). Trigger: wick-hunt after adverse excursion (excursion_pct=0.022884513038845533, mid_improvement=4.5, arm_side_mid=32.0, now_side_mid=27.5, arm_spot=1879.98, spot=1879.43). Gate=skipped_llm_no_trade. ICT none: Audit downgrade (INVALIDATED_SFP_CITED): Spot $1,880.12. Primary H4 zone: bearish 1,863.05-1,890.72 (bias only). Retest status (rolling 24h): FILLED (1,930.82 reached supply 1,876.88-1,890.72). No valid H4 SFP in the recent window. Recent valid M5 SFPs: 3 in snapshot window. Nearest detected M5 OB: bearish M5 OB 1,876.00-1,880.45 (candle 2026-07-24T04:20, displacement 2026-07-24T04:40) | entry band 0.25-0.50: 1,878.22-1,879.34 | tranches @ 1,879.34 / 1,878.22 | add @ 1,877.25. No trade until LTF structure aligns with programmatic context.",closed,yes,0.0,-1.225,2026-07-24T06:00:03Z,/opt/kalshi-15m-bot/charts/20260724T054601Z_ETH_USD_M5_marked.png
56,adverse,2026-07-24T07:51:03Z,KXBTC15M,KXBTC15M-26JUL240400-00,BTC,NO,5,25.5,2026-07-24T08:00:00Z,"HTF bias is bearish (favor NO / down). This window: NO aligns with HTF. KalshiRules session: asia. KalshiRules entry: NO mid≈28.5¢ → intended limit ~25.5¢ (−3¢ favorable); fill/paper 25.5¢; NEVER BUY >55¢; prefer ≤50¢ for ~2× payout. KalshiRules block/execute: minutes_left=8.9 — outside last-3m block. Model fair YES 62.2¢ vs mid 71.5¢ (edge -9.3¢); index may ≠ Coinbase chart (settlement risk). Trigger: wick-hunt after adverse excursion (excursion_pct=0.0509503955275159, mid_improvement=21.0, arm_side_mid=49.5, now_side_mid=28.5, arm_spot=65330.94, spot=65371.35). Gate=pass_fib. ICT short: HTF bias is BEARISH and this NO (spot_sell) aligns with it. Regime: mixed-to-bearish — H4 has made a swing high near 67,000 and is now printing lower highs; the active H4 BRKR (bearish breaker 64,986–65,756) is unmitigated supply overhead. Setup phase is bearish_retest_rejected (latched), supply retest zone 65,371–65,756 is FILLED (24h high already tagged 65,762), and context explicitly instructs: evaluate SHORT on rejection, not a future rally.

On H4: Price rallied from the bullish H4 OB near 62,500 into the bearish H4 BRKR 64,986–65,756, which acted as supply. The 24h high at 65,762 tagged Monday High 65,756 and the top of the BRKR zone — a textbook bearish retest of a prior breakdown level. H4 candles are now printing lower highs inside the breaker, confirming the zone is holding as supply. Prev Week High 65,559 sits inside this supply band as additional resistance.

On H1: H1 confirms the rejection — price pushed into the supply cluster (H4 BRKR layers visible at 65,050–65,750) and is now pulling back. Daily Open 65,051 is nearby below spot; Weekly Open 64,681 and Monday Mid 64,729 are the next meaningful magnets. H1 structure shows a LH after the Monday High tag, consistent with bearish_retest_rejected phase.

On M5: Spot at 65,330 is inside the bearish supply retest zone (65,371–65,756) but below the 0.25 fib entry of the bearish M5 OB 65,579–65,729 (entry band 65,654–65,692). That M5 OB fib is above current spot — price has already moved away from it, consistent with rejection. The bullish M5 OBs at 64,885–65,012 are well below (~400 pts lower) and outside fib. Per KalshiRules M5 ≥0.25% retrace rule and setup state, chasing a long here is blocked. The bearish M5 OB at 65,579–65,729 provided the trigger; price has since displaced down through Daily Open 65,051. No fresh M5 SFPs listed. The M5 OB for this short references candle 2026-07-24T07:10 displacement 07:40 — spot is now trading below the fib entry band but the directional signal (NO/short) remains valid as price is below supply.

KalshiRules fired: (1) SESSION — US pre-market/early session, elevated volatility near H4 open; (2) SETUP STATE — bearish_retest_rejected + supply retest FILLED → evaluate SHORT; (3) ENTRY RULE — short side (NO ticket) at current market; never buy >55¢ applies to YES side; NO ticket should be ≤50¢ preferred with ~3¢ favorable limit bid; (4) BLOCK/EXECUTE — not in last-3-minute block window; (5) ICT — H4 BRKR supply 64,986–65,756 holding as resistance, M5 bearish OB at 65,579–65,729 was the trigger candle, displacement confirmed. Counter-HTF note: bullish H4 OB at 62,500 far below provides longer-term support, but current price is deep inside bearish BRKR supply — short is with intermediate structure, not counter-HTF. Risk note: Kalshi index may differ from Coinbase; price may freeze 15–30s before expiry; model fair value is proxy only.",closed,yes,0.0,-1.275,2026-07-24T08:08:03Z,/opt/kalshi-15m-bot/charts/20260724T074503Z_BTC_USD_M5_marked.png
57,adverse,2026-07-24T07:51:06Z,KXETH15M,KXETH15M-26JUL240400-00,ETH,NO,5,2.6500000000000057,2026-07-24T08:00:00Z,"HTF bias is bearish (favor NO / down). This window: NO aligns with HTF. KalshiRules session: asia. KalshiRules entry: NO mid≈5.7¢ → intended limit ~2.7¢ (−3¢ favorable); fill/paper 2.7¢; NEVER BUY >55¢; prefer ≤50¢ for ~2× payout. KalshiRules block/execute: minutes_left=8.9 — outside last-3m block. Model fair YES 67.3¢ vs mid 94.3¢ (edge -27.0¢); index may ≠ Coinbase chart (settlement risk). Trigger: wick-hunt after adverse excursion (excursion_pct=0.1667257705112446, mid_improvement=31.849999999999994, arm_side_mid=37.5, now_side_mid=5.7, arm_spot=1890.91, spot=1892.48). Gate=skipped_llm_no_trade. ICT none: Spot $1,890.91. Primary H4 zone: bearish 1,888.38-1,917.43 (bias only). Retest status (rolling 24h): FILLED (1,930.82 reached supply 1,902.91-1,917.43). No valid H4 SFP in the recent window. Recent valid M5 SFPs: 2 in snapshot window. Nearest detected M5 OB: bullish M5 OB 1,882.20-1,885.46 (candle 2026-07-24T06:25, displacement 2026-07-24T06:30) | entry band 0.25-0.50: 1,883.02-1,883.83 | tranches @ 1,883.02 / 1,883.83 | add @ 1,884.54. No trade until LTF structure aligns with programmatic context.",closed,yes,0.0,-0.13250000000000028,2026-07-24T08:00:03Z,/opt/kalshi-15m-bot/charts/20260724T074604Z_ETH_USD_M5_marked.png
59,adverse,2026-07-24T08:37:03Z,KXBTC15M,KXBTC15M-26JUL240445-45,BTC,NO,5,23.5,2026-07-24T08:45:00Z,"HTF bias is bearish (favor NO / down). This window: NO aligns with HTF. KalshiRules session: us_off_hours. KalshiRules entry: NO mid≈26.5¢ → intended limit ~23.5¢ (−3¢ favorable); fill/paper 23.5¢; NEVER BUY >55¢; prefer ≤50¢ for ~2× payout. KalshiRules block/execute: minutes_left=7.9 — outside last-3m block. Model fair YES 60.3¢ vs mid 73.5¢ (edge -13.2¢); index may ≠ Coinbase chart (settlement risk). Trigger: wick-hunt after adverse excursion (excursion_pct=0.028555889200698736, mid_improvement=20.5, arm_side_mid=47.0, now_side_mid=26.5, arm_spot=65344.61, spot=65364.2). Gate=skipped_llm_no_trade. ICT none: Audit downgrade (KEY_LEVEL_MISMATCH): Spot $65,344.27. Primary H4 zone: bearish 64,986.60-65,756.09 (bias only). Retest status (rolling 24h): FILLED (65,762.78 reached supply 65,371.35-65,756.09). No valid H4 SFP in the recent window. No valid M5 SFP in the recent window. Nearest detected M5 OB: bearish M5 OB 65,579.98-65,729.98 (candle 2026-07-24T07:10, displacement 2026-07-24T07:40) | entry band 0.25-0.50: 65,654.98-65,692.48 | tranches @ 65,692.48 / 65,654.98 | add @ 65,622.28. No trade until LTF structure aligns with programmatic context.",closed,yes,0.0,-1.1749999999999998,2026-07-24T08:53:04Z,/opt/kalshi-15m-bot/charts/20260724T083003Z_BTC_USD_M5_marked.png
60,adverse,2026-07-24T08:38:04Z,KXETH15M,KXETH15M-26JUL240445-45,ETH,NO,5,11.5,2026-07-24T08:45:00Z,"HTF bias is bearish (favor NO / down). This window: NO aligns with HTF. KalshiRules session: us_off_hours. KalshiRules entry: NO mid≈14.5¢ → intended limit ~11.5¢ (−3¢ favorable); fill/paper 11.5¢; NEVER BUY >55¢; prefer ≤50¢ for ~2× payout. KalshiRules block/execute: minutes_left=6.9 — outside last-3m block. Model fair YES 69.7¢ vs mid 85.5¢ (edge -15.8¢); index may ≠ Coinbase chart (settlement risk). Trigger: wick-hunt after adverse excursion (excursion_pct=0.08470179673685241, mid_improvement=9.0, arm_side_mid=23.5, now_side_mid=14.5, arm_spot=1890.14, spot=1890.58). Gate=pass_fib. ICT short: KalshiRules session: US pre-market / early session. HTF bias is BEARISH — this NO trade aligns with the bearish HTF bias.

On H4: Two active bearish breakers dominate: H4 BRKR 1,863.05–1,890.72 and H4 BRKR 1,888.38–1,917.43 (both confirmed bearish, still active). Price is currently sitting inside the lower H4 BRKR zone (1,863.05–1,890.72) at spot 1,890.36. The supply retest zone 1,902.91–1,917.43 (fib 0.25–0.50 of the upper H4 BRKR) was already FILLED — the 24h high of 1,930.82 tagged and exceeded that zone 23 hours ago. Setup phase is bearish_retest_rejected (latched). Regime: mixed/bear lean — price made a lower swing from the 24h high back toward weekly open, consistent with bearish corrective structure inside a larger ranging week.

On H1: H1 chart confirms price rejected the upper H4 BRKR (1,888.38–1,917.43) hard, with the most recent H1 candles printing lower highs and closing below Monday Mid (1,879.47). The lower H4 OB (bullish, 1,863.05–1,890.72) is being tested from above. Price is compressing between Monday Mid 1,879.47 and the ceiling of the bearish BRKRs. The H4 BRKR overlap creates a contested zone; current location inside bearish supply favors NO.

On M5: Two bearish M5 OBs are confirmed. Primary: bearish M5 OB 1,891.18–1,894.67 (candle 2026-07-24T08:05, no H4 OB overlap per programmatic context). Entry fib band 0.25–0.50: 1,892.93–1,893.80, tranches at 1,893.80 / 1,892.93. Spot at 1,890.36 is currently below this OB — price displaced downward through it. A secondary bearish M5 OB 1,885.09–1,889.12 (candle 2026-07-24T08:25, no H4 OB overlap) with fib band 1,887.11–1,888.11 is also active. Additionally, a fresh pending bullish M5 SFP printed at 2026-07-24T08:25 @ 1,887.12 (status: pending, 0h ago) — this is the most recent SFP and is still unresolved/pending, so it does not yet constitute a confirmed reversal signal. The 24h range is 1,858.43–1,930.82 (ranging=True, width 3.8%); spot is 40.46 below the 24h high and 31.93 above the 24h low, roughly mid-range with bearish lean.

KalshiRules entry: Primary bearish M5 OB 1,891.18–1,894.67 with fib entry band 1,892.93–1,893.80. Price is currently below this OB (spot 1,890.36), waiting for a retrace into the 0.25–0.50 fib band (1,892.93–1,893.80) to enter short. Intended limit: bid ~1,890–1,893 range on a retrace to the OB lower boundary. The secondary bearish M5 OB 1,885.09–1,889.12 (fib 1,887.11–1,888.11) provides a closer potential re-entry if the primary retest fails. Per KalshiRules, never chase — wait for retrace into OB fib. Current spot is just outside fib band; if price rallies back into 1,892.93–1,893.80 this is a valid NO entry at ≤50¢ with ~3¢ favorable limit. NEVER BUY >55¢ rule irrelevant here (this is a sell/NO). Block rule: not in last-3m window — execute is open.

Conflict acknowledgment: The bullish M5 SFP at 1,887.12 (pending) represents a counter-signal. However, it is still pending (no confirmed reversal close), the setup phase is bearish_retest_rejected, and price remains inside two active bearish H4 BRKRs. M5 OB short precedence is maintained per rules; if the SFP confirms (close reclaims above swept level), revisit for long. Risk note: Kalshi index may differ from Coinbase spot; freeze near expiry is standard.",closed,yes,0.0,-0.5750000000000001,2026-07-24T08:53:04Z,/opt/kalshi-15m-bot/charts/20260724T083350Z_ETH_USD_M5_marked.png
63,adverse,2026-07-24T09:36:03Z,KXETH15M,KXETH15M-26JUL240545-45,ETH,NO,5,28.5,2026-07-24T09:45:00Z,"HTF bias is bearish (favor NO / down). This window: NO aligns with HTF. KalshiRules session: us_off_hours. KalshiRules entry: NO mid≈31.5¢ → intended limit ~28.5¢ (−3¢ favorable); fill/paper 28.5¢; NEVER BUY >55¢; prefer ≤50¢ for ~2× payout. KalshiRules block/execute: minutes_left=8.9 — outside last-3m block. Model fair YES 56.1¢ vs mid 68.5¢ (edge -12.4¢); index may ≠ Coinbase chart (settlement risk). Trigger: wick-hunt after adverse excursion (excursion_pct=0.012753814187549395, mid_improvement=27.5, arm_side_mid=59.0, now_side_mid=31.5, arm_spot=1881.6, spot=1882.03). Gate=skipped_llm_no_trade. ICT none: Audit downgrade (INVALIDATED_SFP_CITED): Spot $1,881.10. Primary H4 zone: bearish 1,863.05-1,890.72 (bias only). Retest status (rolling 24h): FILLED (1,929.60 reached supply 1,876.88-1,890.72). No valid H4 SFP in the recent window. Recent valid M5 SFPs: 2 in snapshot window. Nearest detected M5 OB: bearish M5 OB 1,876.00-1,880.45 (candle 2026-07-24T04:20, displacement 2026-07-24T04:40) | entry band 0.25-0.50: 1,878.22-1,879.34 | tranches @ 1,879.34 / 1,878.22 | add @ 1,877.25. No trade until LTF structure aligns with programmatic context.",closed,yes,0.0,-1.4249999999999998,2026-07-24T09:50:03Z,/opt/kalshi-15m-bot/charts/20260724T093208Z_ETH_USD_M5_marked.png
65,adverse,2026-07-24T09:52:03Z,KXETH15M,KXETH15M-26JUL240600-00,ETH,NO,5,20.5,2026-07-24T10:00:00Z,"HTF bias is bearish (favor NO / down). This window: NO aligns with HTF. KalshiRules session: us_off_hours. KalshiRules entry: NO mid≈23.5¢ → intended limit ~20.5¢ (−3¢ favorable); fill/paper 20.5¢; NEVER BUY >55¢; prefer ≤50¢ for ~2× payout. KalshiRules block/execute: minutes_left=7.9 — outside last-3m block. Model fair YES 63.1¢ vs mid 76.5¢ (edge -13.4¢); index may ≠ Coinbase chart (settlement risk). Trigger: wick-hunt after adverse excursion (excursion_pct=0.030771679443986066, mid_improvement=18.0, arm_side_mid=41.5, now_side_mid=23.5, arm_spot=1884.46, spot=1885.43). Gate=pass_fib. ICT short: KalshiRules session: US pre-market early session (~9-10am ET). Within a regular trading window, not the last 3 minutes — execute rule applies. HTF bias is BEARISH; this NO (spot_sell) trade aligns with HTF bias.

On H4: Price is inside the active bearish H4 BRKR zone (1,863.05–1,890.72, labeled on chart). Structure shows a sequence of lower highs from the ~1,944 Prev Week High, with the current H4 candle pressing down from Monday High 1,917.43. The H4 bearish breaker has been holding as supply. Regime is mixed/bear-leaning at the H4 level — no confirmed HTF Weekly/Monthly flip, but H4 is clearly distributing below the H4 BRKR top.

On H1: H1 chart shows price rejected sharply from the H4 BRKR zone (~1,910–1,917 area) and has been grinding lower. The most recent H1 candles are compressing just above Daily Open 1,877.04 and Monday Mid 1,879.47, which are acting as short-term support. The prior spike to ~1,905–1,910 (visible on H1 far right) was a failed reclaim of the H4 BRKR, consistent with bearish supply retest now FILLED per setup phase.

On M5: Setup phase is bearish_retest_filled (latched) — the supply retest zone 1,876.88–1,890.72 has been tagged and filled. Spot at 1,884.46 is inside this retest zone but above the H4 fib sweet spot (1,876.88–1,883.80). Two bearish M5 OBs are detected above current price: (1) bearish M5 OB 1,876.00–1,880.45 (entry band 1,878.22–1,879.34) — spot is currently ABOVE this OB, meaning price has already pushed through it from below; (2) bearish M5 OB 1,891.18–1,894.67 (entry band 1,892.93–1,893.80) — spot is below this, making it a valid overhead supply. The bullish M5 OBs at 1,882.20–1,885.46 (entry band 1,883.02–1,883.83) conflict with the short bias — spot is currently just above that bullish OB's fib band. This is acknowledged: the bullish M5 OB is counter to the primary H4 bearish BRKR bias, and with the retest FILLED, the bearish setup takes precedence per rules.

ICT entry rationale: The bearish M5 OB at 1,891.18–1,894.67 (fib 0.25–0.50 band: 1,892.93–1,893.80) is the cleanest short entry — a retrace into that zone from current spot would be the ideal trigger. However, spot at 1,884.46 is already inside the broader supply zone and below that OB. Given the bearish_retest_filled setup phase, current price action is at the lower end of the retest zone. The NO (short) thesis is that price fails to reclaim above Monday Mid 1,879.47 / Daily Open 1,877.04 and drops toward Weekly Open 1,870.99 and the H4 BRKR base at 1,863.05. Two valid recent M5 bullish SFPs (1,873.11 at 19:55 Jul 23 and 1,870.29 at 03:00 Jul 24) both reversed, supporting that the 1,858–1,870 area is defended — but the retest zone overhead is now filled, favoring rejection lower.

KalshiRules entry price rule: This is a NO (short) contract. Engine prices fair value separately; rationale notes that if NO ticket is ≤50¢, bid ~3¢ more favorable. Never buy YES >55¢. The ~3.8% 24h range (1,858.43–1,929.60) with spot near the lower-middle of the retest zone and the bearish_retest_filled latch supports a NO bias for this 15m window. M5 candle move from ~1,905 spike was >0.25%, consistent with KalshiRules retrace-likely note — that spike has since retraced, confirming the fade-not-chase rule worked.

Block/execute: Not in the last 3 minutes of the window. Execute path applies. No lottery exception needed. Risk note: Kalshi index may differ from Coinbase spot; freeze near expiry is possible. Model fair value is a proxy filter only.",closed,yes,0.0,-1.025,2026-07-24T10:08:04Z,/opt/kalshi-15m-bot/charts/20260724T094832Z_ETH_USD_M5_marked.png
69,adverse,2026-07-24T10:22:03Z,KXETH15M,KXETH15M-26JUL240630-30,ETH,NO,5,34.5,2026-07-24T10:30:00Z,"HTF bias is bearish (favor NO / down). This window: NO aligns with HTF. KalshiRules session: us_off_hours. KalshiRules entry: NO mid≈37.5¢ → intended limit ~34.5¢ (−3¢ favorable); fill/paper 34.5¢; NEVER BUY >55¢; prefer ≤50¢ for ~2× payout. KalshiRules block/execute: minutes_left=7.9 — outside last-3m block. Model fair YES 53.0¢ vs mid 62.5¢ (edge -9.5¢); index may ≠ Coinbase chart (settlement risk). Trigger: wick-hunt after adverse excursion (excursion_pct=0.00743774869973457, mid_improvement=25.0, arm_side_mid=62.5, now_side_mid=37.5, arm_spot=1881.29, spot=1882.43). Gate=pass_fib. ICT short: KalshiRules session: US pre-market / early session (~10am ET). Not in the last-3-minute block. No chase situation — spot is near mid of the 24h range (1,858.43–1,928.46, ranging=True, width 3.7%), sitting just above the Daily Open (1,877.04) and Monday Mid (1,879.47).

HTF bias (H4): Bearish. The active H4 BREAKER zone (bearish) spans 1,863.05–1,890.72 and is clearly visible on the H4 chart projecting across all TFs. Price rallied from the 24h low (~10h ago at 1,858.43) into this supply zone and the setup phase is 'bearish_retest_filled' — the retest zone (1,876.88–1,890.72) has been tagged and FILLED. No H4 SFPs in the time window. This trade ALIGNS with the primary HTF bearish bias.

On H4: Price is trading inside the active bearish H4 BREAKER (1,863.05–1,890.72). The H4 chart shows a clear rejection structure from the Monday High (1,917.43) area back into this zone. Multiple H4 candles are printing inside the BREAKER, and the most recent closes are drifting lower. Weekly Open (1,870.99) and Daily Open (1,877.04) sit just below as intermediate draws.

On H1: The H1 chart confirms bearish structure — price failed at Monday High / H4 BRKR resistance (~1,910–1,917 zone) and has been making lower highs since Jul 22. The current H1 candles are compressing just above Daily Open (1,877.04) and Monday Mid (1,879.47), both of which are now acting as thin support before the Weekly Open (1,870.99).

On M5: The bearish M5 OB 1,876.00–1,880.45 (candle 2026-07-24T04:20, displacement 2026-07-24T04:40) has a fib entry band 0.25–0.50 at 1,878.22–1,879.34. Current spot (1,881.21) is just above this band — spot is outside the fib but within the OB range. A second bearish M5 OB 1,891.18–1,894.67 (fib band 1,892.93–1,893.80) is overhead and unmitigated, confirming layered supply above. The two bullish M5 OBs (1,882.20–1,885.46 fib 1,883.02–1,883.83) represent a conflict: there is a valid bullish M5 OB just above spot. Rationale for short priority: the H4 BREAKER bearish retest is FILLED, the setup phase is 'bearish_retest_filled', and spot has failed to hold above the bullish M5 OB band — the bullish OBs appear absorbed by the overlying H4 supply. M5 SFP at 2026-07-24T03:00 (bullish, reversal confirmed 7h ago) provided the bounce that filled the retest — that bounce thesis is now exhausted per the FILLED status.

KalshiRules entry: Desired side is NO (short). At spot ~1,881, the NO ticket fair value is not known precisely, but given ranging conditions and spot sitting mid-zone, prefer to bid NO at ≤50¢ with ~3¢ favorable limit (bid ~3¢ below mid). NEVER pay >55¢. The M5 bearish OB fib band (1,878.22–1,879.34) is the nearest structural short entry — a slight dip to that band would be ideal. At current spot 1,881 (outside the 0.25–0.50 fib band but inside the OB body), entry is borderline; a limit sell targeting ~1,879–1,880 aligns with KalshiRules 'prefer favorable limit ~$0.01–$0.03 better than market' and the M5 OB fib tranche at 1,878.22.

KalshiRules block/execute: Not in last-3-minute window. No chase — spot has not made a ≥0.25% M5 impulse in the last bar that would require waiting. Proceed.

Risk note: Kalshi index may differ from Coinbase spot. Price may freeze 15–30s before expiry. Model fair value is a proxy. The bullish M5 OBs (1,882.20–1,885.46) represent a genuine counter-signal — if spot reclaims above 1,885 on M5 close, the short thesis weakens. SL set at 1,891.00 (above bearish M5 OB 1,891.18–1,894.67 base, just outside the H4 BREAKER supply confirmation region). TPs: TP1 Weekly Open 1,870.99, TP2 H4 BREAKER lower edge 1,863.05, TP3 24h Low 1,858.43.",closed,yes,0.0,-1.7249999999999999,2026-07-24T10:36:03Z,/opt/kalshi-15m-bot/charts/20260724T101849Z_ETH_USD_M5_marked.png
71,adverse,2026-07-24T10:39:03Z,KXETH15M,KXETH15M-26JUL240645-45,ETH,NO,5,19.5,2026-07-24T10:45:00Z,"HTF bias is bearish (favor NO / down). This window: NO aligns with HTF. KalshiRules session: us_off_hours. KalshiRules entry: NO mid≈22.5¢ → intended limit ~19.5¢ (−3¢ favorable); fill/paper 19.5¢; NEVER BUY >55¢; prefer ≤50¢ for ~2× payout. KalshiRules block/execute: minutes_left=5.9 — outside last-3m block. Model fair YES 68.7¢ vs mid 77.5¢ (edge -8.8¢); index may ≠ Coinbase chart (settlement risk). Trigger: wick-hunt after adverse excursion (excursion_pct=0.04245833775606833, mid_improvement=14.0, arm_side_mid=36.5, now_side_mid=22.5, arm_spot=1884.57, spot=1885.0). Gate=skipped_llm_no_trade. ICT none: Spot $1,884.94. Primary H4 zone: bearish 1,863.05-1,890.72 (bias only). Retest status (rolling 24h): FILLED (1,928.46 reached supply 1,876.88-1,890.72). No valid H4 SFP in the recent window. Recent valid M5 SFPs: 2 in snapshot window. Nearest detected M5 OB: bullish M5 OB 1,882.20-1,885.46 (candle 2026-07-24T06:25, displacement 2026-07-24T06:35) | entry band 0.25-0.50: 1,883.02-1,883.83 | tranches @ 1,883.02 / 1,883.83 | add @ 1,884.54. No trade until LTF structure aligns with programmatic context.",closed,no,5.0,4.0249999999999995,2026-07-24T10:53:03Z,/opt/kalshi-15m-bot/charts/20260724T103149Z_ETH_USD_M5_marked.png
74,adverse,2026-07-24T11:25:03Z,KXETH15M,KXETH15M-26JUL240730-30,ETH,NO,5,22.5,2026-07-24T11:30:00Z,"HTF bias is bearish (favor NO / down). This window: NO aligns with HTF. KalshiRules session: us_off_hours. KalshiRules entry: NO mid≈25.5¢ → intended limit ~22.5¢ (−3¢ favorable); fill/paper 22.5¢; NEVER BUY >55¢; prefer ≤50¢ for ~2× payout. KalshiRules block/execute: minutes_left=4.9 — outside last-3m block. Model fair YES 65.3¢ vs mid 74.5¢ (edge -9.2¢); index may ≠ Coinbase chart (settlement risk). Trigger: wick-hunt after adverse excursion (excursion_pct=0.029770765108660946, mid_improvement=11.0, arm_side_mid=36.5, now_side_mid=25.5, arm_spot=1881.97, spot=1881.6). Gate=skipped_llm_no_trade. ICT none: Spot $1,881.97. Primary H4 zone: bearish 1,863.05-1,890.72 (bias only). Retest status (rolling 24h): FILLED (1,927.27 reached supply 1,876.88-1,890.72). No valid H4 SFP in the recent window. Recent valid M5 SFPs: 2 in snapshot window. Nearest detected M5 OB: bullish M5 OB 1,882.20-1,885.46 (candle 2026-07-24T06:25, displacement 2026-07-24T06:30) | entry band 0.25-0.50: 1,883.02-1,883.83 | tranches @ 1,883.02 / 1,883.83 | add @ 1,884.54. No trade until LTF structure aligns with programmatic context.",closed,no,5.0,3.875,2026-07-24T11:38:03Z,/opt/kalshi-15m-bot/charts/20260724T111859Z_ETH_USD_M5_marked.png
75,adverse,2026-07-24T11:54:03Z,KXETH15M,KXETH15M-26JUL240800-00,ETH,NO,5,17.5,2026-07-24T12:00:00Z,"HTF bias is mixed / conflicted. This window: NO with mixed HTF — LTF must carry the case. KalshiRules session: us_off_hours. KalshiRules entry: NO mid≈20.5¢ → intended limit ~17.5¢ (−3¢ favorable); fill/paper 17.5¢; NEVER BUY >55¢; prefer ≤50¢ for ~2× payout. KalshiRules block/execute: minutes_left=5.9 — outside last-3m block. Model fair YES 71.1¢ vs mid 79.5¢ (edge -8.4¢); index may ≠ Coinbase chart (settlement risk). Trigger: wick-hunt after adverse excursion (excursion_pct=0.04524501506393275, mid_improvement=64.0, arm_side_mid=84.5, now_side_mid=20.5, arm_spot=1875.78, spot=1879.51). Gate=pass_fib. ICT short: KalshiRules session: US pre-market / early morning ET. Price is in an active 15m window; not in the last-3-minute block, so execution is permitted per KalshiRules block/execute rules. This is a NO (short) trade, aligning with the bearish HTF bias from the H4 breaker zone overhead.

On H4: Structure is mixed — an active bearish breaker (H4 BRKR 1,863.05–1,890.72) sits overhead, and an active bullish OB (H4 OB 1,841.52–1,878.50) sits below. Price at 1,875.40 is sandwiched between them. The bearish breaker is the dominant supply zone given the setup phase label 'bearish_retest_filled': the 24h high already tagged the supply zone top (~1,927 high 23h ago), completing the retest. Per decision rules, I must evaluate SHORT on rejection — not wait for a rally. HTF bias is softly bearish given the filled retest into the breaker and subsequent rollover to current spot.

On H1: H1 confirms the rollover — price rallied from Monday Low 1,841.52 into the H4 BRKR zone (visible pink zone ~1,890–1,917 on H1), tagged Monday High 1,917.43, then sold off sharply. Current H1 candles show price compressing near Daily Open 1,877.04 and Monday Mid 1,879.47, which are now acting as local resistance after the breakdown. The H4 OB (bullish, 1,841–1,878) is just below, providing a mild support floor, but price is grinding along its upper edge — consistent with distribution, not accumulation.

On M5: Two valid programmatic M5 OBs are relevant. The bearish M5 OB 1,876.00–1,880.45 (candle 2026-07-24T04:20) has fib 0.25–0.50 entry band 1,878.22–1,879.34. Spot at 1,875.40 is just below this band — price has partially traded through it, which is consistent with distribution/mitigation of that bearish OB from above. The second bearish M5 OB 1,891.18–1,894.67 is well above spot and out of range. The bullish M5 OBs (1,882.20–1,885.46) are also above spot and outside fib. The nearest actionable short entry is a limit retrace back into the bearish M5 OB fib band at 1,879.34 (0.25 tranche) or 1,878.22 (0.50 tranche). Spot is currently 1,875.40 — a minor uptick of ~0.2% would bring price back into the band. M5 ≥0.25% retrace rule: the prior M5 impulse down was significant; KalshiRules say expect retrace — a small bounce back into 1,878–1,879 is plausible before continuation lower, which is exactly the short entry zone.

KalshiRules entry: Intended limit bid on NO at ~3¢ more favorable than mid. Entry cited at 1,879.34 (M5 OB 0.25 fib tranche). Stop above the bearish M5 OB high at ~1,895 (also below H4 BRKR midpoint). TP1 = Weekly Open 1,870.99; TP2 = H4 BRKR low 1,863.05; TP3 = 24h low 1,858.43. KalshiRules never >55¢, ≤50¢ preferred with ~3¢ favorable limit — engine prices fair value; this entry is flagged for NO ticket. 24h range 1,858.43–1,927.27 (3.6%, ranging=True); spot is in the lower third after the retest fill. Setup phase bearish_retest_filled confirms supply was tagged; short on rejection is the prescribed action. No valid M5 SFPs are cited (live-invalidated SFP excluded per rules). Conflict acknowledged: bullish H4 OB 1,841–1,878 is just below — if price closes below 1,870.99 (Weekly Open), the bullish OB becomes a more serious support; M5 bearish OB takes entry precedence per decision rules. KalshiRules: not last-3m, execute permitted.",closed,yes,0.0,-0.875,2026-07-24T12:07:03Z,/opt/kalshi-15m-bot/charts/20260724T114847Z_ETH_USD_M5_marked.png
83,adverse,2026-07-24T14:08:03Z,KXETH15M,KXETH15M-26JUL241015-15,ETH,NO,5,30.5,2026-07-24T14:15:00Z,"HTF bias is mixed / conflicted. This window: NO with mixed HTF — LTF must carry the case. KalshiRules session: us_rth. KalshiRules entry: NO mid≈33.5¢ → intended limit ~30.5¢ (−3¢ favorable); fill/paper 30.5¢; NEVER BUY >55¢; prefer ≤50¢ for ~2× payout. KalshiRules block/execute: minutes_left=6.9 — outside last-3m block. Model fair YES 58.3¢ vs mid 66.5¢ (edge -8.2¢); index may ≠ Coinbase chart (settlement risk). Trigger: wick-hunt after adverse excursion (excursion_pct=0.06739416420453725, mid_improvement=19.0, arm_side_mid=52.5, now_side_mid=33.5, arm_spot=1854.61, spot=1856.01). Gate=pass_fib. ICT short: KalshiRules session: US session, mid-day. Setup phase is bearish_retest_rejected (latched). The 24h retest zone 1,876.88–1,890.72 was FILLED (24h high tagged supply); evaluate SHORT on rejection per system alert. NO bias aligns with the bearish setup phase and the rejected retest.

On H4: Price is inside the bullish H4 OB 1,841.52–1,878.50 (active, green box visible on H4 chart). However, the H4 BRKR (bearish breaker, pink zones) sits above at roughly 1,872–1,908. Price tagged the upper portion of that H4 bearish zone and was rejected — the 24h high of 1,908.26 was made 7H1 bars ago and has not been reclaimed. H4 bias is mixed: bullish OB below provides support, but bearish BRKR above provided supply and price is now falling back through the H4 OB. The setup phase override (bearish_retest_rejected) and the failed retest of the bearish BRKR make SHORT the preferred direction despite the bullish H4 OB underneath. Conflict acknowledged: the H4 OB is bullish and provides structural support near 1,841–1,878; shorting here is counter to that HTF demand zone. M5 OB entry takes precedence per decision rules.

On H1: Price dropped sharply from the H4 BRKR / Monday High area (~1,917) over the last several hours, breaking below Daily Open 1,877.04, Weekly Open 1,870.99, and Monday Mid 1,879.47. The H1 structure shows a clear lower-high lower-low sequence from the Jul 23 highs. The most recent H1 bar closed near 1,854, confirming continuation of the bearish leg initiated after the retest zone rejection.

On M5: Two bearish M5 OBs are visible and labeled on the M5 chart near the right edge. The lowest is bearish M5 OB 1,846.22–1,856.09 (candle 2026-07-24T13:55, displacement 2026-07-24T14:00). Spot at 1,854.71 is inside this OB but above the 0.25–0.50 fib entry band (1,851.15–1,853.62). The alert confirms: 'Price inside bearish M5 OB (1,846.22–1,856.09) but above entry band (1,851.15–1,853.62) — wait for fib retest.' Entry is set at 1,853.62 (the 0.50 fib tranche), which is ~$0.01 below spot — price needs to dip ~$1 to fill. This M5 OB does NOT overlap an H4 OB (noted as 'no H4 OB overlap' in context). The adjacent bearish M5 OB 1,856.33–1,863.89 (candle 2026-07-24T13:40) also shows no H4 overlap and its entry band 1,860.11–1,862.00 is above spot — spot is outside that fib.

KalshiRules entry rule: Desired side is NO (short). Contract price not specified; per rules, if ≤50¢ place bid ~3¢ more favorable than mid. Do not buy >55¢. Intended entry limit at 1,853.62 (M5 OB 0.50 fib tranche), with a ~3¢ favorable limit adjustment on the Kalshi binary side. Not last-3-minutes — block rule does not apply. No chase: entry requires price to retrace ~$1 to the fib band rather than entering at current spot of 1,854.71.

KalshiRules block/execute: Not in last-3m window; standard execute path. M5 ≥0.25% retrace rule: the recent drop was large — waiting at the fib level rather than chasing the impulse is correct. Prev Week Mid 1,846.43 is TP1 (near 24h low of 1,846.22); Monday Low / H4 OB bottom 1,841.52 is TP2. SL above the M5 OB high at ~1,865 (just above the 1,856.33–1,863.89 OB high, giving buffer above both bearish M5 OBs). R/R: entry 1,853.62, SL 1,865.0 = 11.38 risk; TP1 1,846.43 = 7.19 gain (0.63×); TP2 1,841.52 = 12.10 gain (1.06×). R/R to TP2 ≈ 1.1, borderline acceptable given strong bearish setup phase and multi-OB confluence.

Risk note: Kalshi index may differ from Coinbase spot; freeze possible near expiry. H4 bullish OB 1,841.52–1,878.50 is a genuine demand zone — if price reclaims above 1,856.09 (M5 OB high), bearish thesis weakens. Settlement risk acknowledged.",closed,yes,0.0,-1.525,2026-07-24T14:19:03Z,/opt/kalshi-15m-bot/charts/20260724T140401Z_ETH_USD_M5_marked.png
94,adverse,2026-07-25T00:26:03Z,KXETH15M,KXETH15M-26JUL242030-30,ETH,NO,5,10.5,2026-07-25T00:30:00Z,"HTF bias is mixed / conflicted. This window: NO with mixed HTF — LTF must carry the case. KalshiRules session: us_off_hours. KalshiRules entry: NO mid≈13.5¢ → intended limit ~10.5¢ (−3¢ favorable); fill/paper 10.5¢; NEVER BUY >55¢; prefer ≤50¢ for ~2× payout. KalshiRules block/execute: minutes_left=3.9 — outside last-3m block. Model fair YES 76.9¢ vs mid 86.5¢ (edge -9.6¢); index may ≠ Coinbase chart (settlement risk). Trigger: wick-hunt after adverse excursion (excursion_pct=0.029011669138023777, mid_improvement=40.0, arm_side_mid=53.5, now_side_mid=13.5, arm_spot=1860.93, spot=1861.86). Gate=pass_fib. ICT short: KalshiRules session: US afternoon session (approx 4:30pm ET), regular trading hours — full-size window, no open/close volatility exception, not in last 3 minutes so no block applies.

HTF bias (H4): Price is inside the active bullish H4 OB 1,841.52–1,878.50 — HTF bias is technically bullish. However, setup_phase is bearish_retest_rejected (latched) and the 24h retest zone 1,876.88–1,890.72 was FILLED (24h high 1,908.26 already tagged supply 17h ago). Per programmatic context and KalshiRules: 'evaluate SHORT on rejection.' This NO/short trade fades the H4 bullish OB — acknowledged conflict. M5 bearish OB takes precedence per rules: HTF zone overlap is informational only and does not block a valid M5 entry.

On H4: Bullish OB 1,841.52–1,878.50 is active and unmitigated, but price has already rallied into and been rejected from the H4 BRKR supply zone above (visible pink zones ~1,895–1,917). The rejection candles from Monday High 1,917.43 and the bearish_retest_rejected phase confirm supply has absorbed demand. Current price ~1,860.93 is drifting lower inside the H4 OB but has not yet found a new impulsive bid.

On H1: H1 chart shows a clear topping process from ~1,945 (Prev Week High 1,944.82) down through Monday High 1,917.43, with lower highs being carved. Price is consolidating near Daily Open 1,859.77 and Weekly Open 1,870.99 acting as overhead resistance now. The H4 OB floor is Monday Low 1,841.52. H1 structure is corrective/bearish from the highs.

On M5: Bearish M5 OB 1,858.33–1,861.18 is active and unmitigated. Entry band 0.25–0.50: 1,860.47–1,859.76. Spot at 1,860.93 is just above the 0.25 tranche (1,860.47). This is a valid M5 bearish OB fib retest entry. The M5 OB has no H4 OB overlap (programmatic context confirms). A bullish M5 SFP at 1,848.01 occurred 10h ago — this was the reversal low; price has since bounced and is now retesting bearish supply. 24h range is 1,845.35–1,908.26, width 3.4%, ranging=True. Price is mid-range and failing at Daily Open 1,859.77 confluence with the bearish M5 OB.

KalshiRules entry: Desired side is NO (short). Entry at 1,860.47 (0.25 fib tranche of bearish M5 OB). Intended limit ~3¢ more favorable than mid on the Kalshi NO ticket — bid NO slightly above mid. Contract price of NO side unknown here but setup_phase bearish_retest_rejected and rejection from supply strongly favors NO being available ≤50¢. Hard rule: NEVER BUY YES >55¢. Not chasing — entry is at the M5 OB fib, not a wide move. M5 candle at spot is not ≥0.25% impulsive so no retrace-wait rule triggered. Not in last 3 minutes — no block.

KalshiRules block/execute: Window is open, not last-3m. Execute. Risk note: Kalshi index may differ from Coinbase spot; freeze possible near expiry. Model fair is proxy only. SL above bearish M5 OB high 1,861.18 + buffer = ~1,862.50. TP1 at bullish M5 OB entry band top 1,854.06, TP2 at recent M5 SFP low 1,848.01, TP3 at Monday Low / H4 OB floor 1,841.52.",closed,yes,0.0,-0.525,2026-07-25T00:36:04Z,/opt/kalshi-15m-bot/charts/20260725T001605Z_ETH_USD_M5_marked.png
109,adverse,2026-07-25T05:11:03Z,KXETH15M,KXETH15M-26JUL250115-15,ETH,NO,5,17.5,2026-07-25T05:15:00Z,"HTF bias is mixed / conflicted. This window: NO with mixed HTF — LTF must carry the case. KalshiRules session: weekend. KalshiRules entry: NO mid≈20.5¢ → intended limit ~17.5¢ (−3¢ favorable); fill/paper 17.5¢; NEVER BUY >55¢; prefer ≤50¢ for ~2× payout. KalshiRules block/execute: minutes_left=3.9 — outside last-3m block. Model fair YES 61.6¢ vs mid 79.5¢ (edge -17.9¢); index may ≠ Coinbase chart (settlement risk). Trigger: wick-hunt after adverse excursion (excursion_pct=0.011830119484201873, mid_improvement=11.5, arm_side_mid=32.0, now_side_mid=20.5, arm_spot=1860.14, spot=1859.88). Gate=pass_fib. ICT short: KalshiRules session: US session, active trading hours — standard rules apply, no session block.

HTF bias (H4): The H4 chart shows a bullish OB (1,841.52–1,878.50, active, green box) from 2026-07-20T04:00 that has provided support. However, above it sits two pink H4 BRKR zones (bearish breakers), and the setup phase is bearish_retest_rejected — the supply zone 1,876.88–1,890.72 was already filled (24h high 1,908.26 reached supply 22h ago) and price has since sold off hard. The primary H4 OB is bullish, so this short is counter-HTF — acknowledged: the bearish M5 OB and rejected retest setup take precedence per KalshiRules (M5 entry > HTF advisory).

On H4: Price rallied into the bearish breaker / supply zone (1,876–1,890 area) and was strongly rejected. The H4 BRKR above (pink) capped the move. Current H4 candles are printing below the Weekly Open (1,870.99) and consolidating near the Daily Open (1,859.77) inside the lower portion of the H4 bullish OB. The setup phase 'bearish_retest_rejected' strongly favors SHORT.

On H1: H1 shows price rejected the Monday Mid (1,879.47) and has been grinding lower. The H4 OB and H4 BRKR zones are projected here — price is below both bearish breakers and below the Weekly Open. H1 structure is making lower highs after the supply rejection. Momentum is bearish on H1 over the last 15h.

On M5: The bearish M5 OB (1,858.33–1,861.18, candle 2026-07-24T20:35, displacement 2026-07-24T20:40) has spot (1,860.03) sitting IN the fib 0.25–0.50 entry band (1,859.76–1,860.47). This does NOT overlap an H4 OB per programmatic context ('no H4 OB overlap' confirmed). Entry at the 0.50 tranche (1,860.47). The bullish M5 OB (1,853.08–1,856.99) sits below as potential support — acknowledged as a conflict: if price drops to 1,853–1,857, the bullish M5 OB could provide a bounce, but the bearish M5 OB entry is valid and the bearish setup phase (bearish_retest_rejected) supports the short.

The M5 SFP from 2026-07-24T14:45 (bullish at 1,848.01, reversal) provided the bounce that led into this bearish M5 OB retest — the bounce has now been exhausted at the bearish OB level, consistent with the rejection pattern.

KalshiRules entry: Entry ≤ 50¢ check — the engine prices the NO ticket; spot is at the bearish M5 OB 0.50 tranche (1,860.47), a valid M5 fib entry. Intended limit: bid NO at ~3¢ more favorable than mid (e.g., if NO mid is 48¢, bid 45¢). NEVER BUY YES > 55¢ rule observed (we are buying NO). 24h range is ranging=True (width 3.4%, 1,845.35–1,908.26); spot is 48pts below 24h high and 14pts above 24h low — not chasing a recent impulse.

KalshiRules block check: Not in last 3 minutes of window — execute allowed.

KalshiRules ICT: Bearish M5 OB fib entry at 0.50 tranche (1,860.47) confirmed. SL above H4 bullish OB top (1,878.50). TP1 at Prev Week Mid (1,846.43), TP2 at Monday Low (1,841.52), TP3 at 1,830.

Risk note: Kalshi index ≠ Coinbase chart; settlement uses multi-exchange aggregate. Price may freeze 15–30s before expiry. The bullish H4 OB below (1,841.52–1,878.50) is a conflict — spot is still inside it — but the bearish M5 OB entry takes precedence per decision rules, and the bearish_retest_rejected setup phase supports SHORT.",closed,no,5.0,4.125,2026-07-25T05:20:03Z,/opt/kalshi-15m-bot/charts/20260725T050318Z_ETH_USD_M5_marked.png
110,adverse,2026-07-25T05:23:03Z,KXETH15M,KXETH15M-26JUL250130-30,ETH,NO,5,24.5,2026-07-25T05:30:00Z,"HTF bias is mixed / conflicted. This window: NO with mixed HTF — LTF must carry the case. KalshiRules session: weekend. KalshiRules entry: NO mid≈27.5¢ → intended limit ~24.5¢ (−3¢ favorable); fill/paper 24.5¢; NEVER BUY >55¢; prefer ≤50¢ for ~2× payout. KalshiRules block/execute: minutes_left=6.9 — outside last-3m block. Model fair YES 61.2¢ vs mid 72.5¢ (edge -11.3¢); index may ≠ Coinbase chart (settlement risk). Trigger: wick-hunt after adverse excursion (excursion_pct=0.015597519456567177, mid_improvement=17.0, arm_side_mid=44.5, now_side_mid=27.5, arm_spot=1859.29, spot=1859.56). Gate=pass_fib. ICT short: HTF bias — MIXED/bearish lean. On H4: price is inside the active bullish H4 OB (1,841.52–1,878.50), which is a counter-argument to shorts. However, the setup phase is bearish_retest_rejected (latched): the supply retest zone 1,876.88–1,890.72 was FILLED (24h high tagged it at 1,908.26 ~22h ago) and price has since sold off and is consolidating near the Daily Open 1,859.77. Two active H4 BRKRs overhead (bearish breakers visible on H4/H1/M5 charts) cap upside. Regime is mixed: H4 structure has a bullish OB underfoot but the rejected supply retest and bearish breakers dominate near-term. This short fades the bullish H4 OB — conflict acknowledged; M5 bearish OB takes precedence per rules.

On H1: price has been grinding sideways between ~1,855 and ~1,870 since the sell-off from the 1,908 high. The Weekly Open at 1,870.99 and Monday Mid at 1,879.47 capped every bounce attempt. H4 BRKR (bearish breaker) overhead at ~1,890–1,920 aligns with the rejected supply zone. H1 structure shows lower highs and a range-bound consolidation just above the Daily Open — consistent with distribution / bearish continuation bias.

On M5: Two bearish M5 OBs are detected at 1,858.33–1,861.18 (candles 2026-07-24T20:35, displacement at 20:40 and 20:45). Fib 0.25–0.50 entry band: 1,859.76–1,860.47. Spot is at 1,859.29, just below the entry band. A retrace into the 0.25 tranche at 1,859.76 provides the M5 fib entry for short. The M5 OB does NOT overlap the bullish H4 OB in meaning — the bearish M5 OB forms supply within the H4 bullish zone; per rules, valid M5 entry takes precedence. The bullish M5 OBs (1,853.08–1,856.99) are below spot and represent downside targets, not support at this juncture given bearish setup state. The 24h range (1,845.35–1,908.26, width 3.4%) is ranging=True with price near the lower third. The 24h low was made 15h ago and has not been revisited — Monday Low 1,841.52 is the liquidity draw below.

KalshiRules: SESSION — US hours (active, largest volatility window, valid trading hours). ENTRY RULE — bearish M5 OB fib 0.25 tranche at 1,859.76; intent to bid NO at ≤50¢ with ~3¢ favorable limit; engine to price fair value. NEVER >55¢ hard rule applies. NOT last-3m block — not in final 3 minutes of window. BLOCK/EXECUTE — execute short (NO) on retrace into 1,859.76–1,860.47 M5 fib band. ICT — bearish M5 OB retest at Daily Open confluence (1,859.77), below H4 BRKRs, inside rejected bearish_retest_rejected supply phase; M5 ≥0.25% retrace rule: spot is below the band so we are waiting for the minor lift into fib, not chasing. Risk note: Kalshi index may differ from Coinbase spot; freeze near expiry expected; treat model fair as proxy filter only.",closed,yes,0.0,-1.225,2026-07-25T05:35:03Z,/opt/kalshi-15m-bot/charts/20260725T051826Z_ETH_USD_M5_marked.png
121,adverse,2026-07-25T11:21:03Z,KXETH15M,KXETH15M-26JUL250730-30,ETH,NO,5,33.5,2026-07-25T11:30:00Z,"HTF bias is mixed / conflicted. This window: NO with mixed HTF — LTF must carry the case. KalshiRules session: weekend. KalshiRules entry: NO mid≈36.5¢ → intended limit ~33.5¢ (−3¢ favorable); fill/paper 33.5¢; NEVER BUY >55¢; prefer ≤50¢ for ~2× payout. KalshiRules block/execute: minutes_left=8.9 — outside last-3m block. Model fair YES 55.4¢ vs mid 63.5¢ (edge -8.1¢); index may ≠ Coinbase chart (settlement risk). Trigger: wick-hunt after adverse excursion (excursion_pct=0.0053830004844712676, mid_improvement=17.0, arm_side_mid=53.5, now_side_mid=36.5, arm_spot=1857.38, spot=1857.8). Gate=pass_fib. ICT short: KalshiRules session: US afternoon session (approx 07:10–07:25 ET on Jul 25). Not in the last-3-minute block — execute window is open.

HTF bias (H4): The H4 chart shows price inside an active bullish H4 OB (1,841.52–1,878.50, green box). However, the setup phase is bearish_retest_rejected and the 24h supply retest zone (1,876.88–1,890.72) has already been FILLED — the 24h high of 1,884.43 tagged supply 23h ago and price has since sold off and compressed near Daily Open 1,859.77. H4 structure is technically bullish (green OB active), so this NO trade fades HTF bias. KalshiRules counter-HTF acknowledgment: the bearish_retest_rejected setup state and filled supply retest override the raw H4 bullish OB color for this 15m window; M5 bearish OB takes precedence per decision rules.

On H4: Price is inside the bullish H4 OB 1,841.52–1,878.50. Above sits the Weekly Open 1,870.99 and Monday Mid 1,879.47 as near resistance. Bias is nominally bullish from H4 structure alone, but the bearish retest-rejection setup and filled supply retest argue for a bearish lean on this cycle.

On H1: H1 shows price compressing tightly near Daily Open 1,859.77 and Prev Week Mid 1,846.43, well below the prior session's Monday High 1,917.43. The H4 BRKR (pink) is projected above. H1 candles show a slow corrective grind lower with no impulsive bullish reclaim — consistent with a corrective down-leg inside the HTF bull OB rather than a fresh uptrend.

On M5: The bearish M5 OB 1,858.33–1,861.18 (candle 2026-07-24T20:35) is the active entry zone. Its 0.25–0.50 fib band is 1,859.76–1,860.47. Spot is at 1,857.37, just below the fib band. The M5 OB does NOT overlap the H4 bullish OB in label but does sit within its price range (1,841.52–1,878.50) — conflict acknowledged; M5 bearish OB trigger takes precedence for this short-duration binary. No M5 SFPs are in the recent window. The bearish M5 OB displacement occurred at 20:40 and 20:45 candles, confirming a downward displacement from supply.

KalshiRules entry rule: The bearish M5 OB fib 0.25 tranche is 1,860.47 and 0.50 tranche is 1,859.76. Spot at 1,857.37 is just below the band — price has already displaced through the OB. Entry for a NO (short) ticket should be placed on a retrace back into the fib band near 1,859.76–1,860.47. KalshiRules: prefer limit ~3¢ more favorable than mid; if NO contract mid is ≤50¢, bid ~3¢ below mid. NEVER BUY (YES) above 55¢. This is a NO (short) suggestion.

KalshiRules block check: Not in last 3 minutes of the 15m window — execute rule applies. 24h range is 1,845.35–1,884.43 (ranging=True, width 2.1%); spot is near lower third of range, consistent with downward drift after supply rejection. Key levels: Daily Open 1,859.77 acts as near resistance from above; Prev Week Mid 1,846.43 and Monday Low 1,841.52 are downside draws.

Risk note: Kalshi index may differ from Coinbase spot. Freeze near expiry is expected. The H4 OB is bullish, so this is a counter-HTF fade — if price reclaims above 1,861.18 (above the bearish M5 OB high) on a 5m close, the NO thesis is invalidated.",closed,no,5.0,3.325,2026-07-25T11:37:03Z,/opt/kalshi-15m-bot/charts/20260725T111609Z_ETH_USD_M5_marked.png
130,adverse,2026-07-25T17:04:04Z,KXETH15M,KXETH15M-26JUL251315-15,ETH,NO,5,25.0,2026-07-25T17:15:00Z,"HTF bias is mixed / conflicted. This window: NO with mixed HTF — LTF must carry the case. KalshiRules session: weekend. KalshiRules entry: NO mid≈28.0¢ → intended limit ~25.0¢ (−3¢ favorable); fill/paper 25.0¢; NEVER BUY >55¢; prefer ≤50¢ for ~2× payout. KalshiRules block/execute: minutes_left=10.9 — outside last-3m block. Model fair YES 58.5¢ vs mid 72.0¢ (edge -13.5¢); index may ≠ Coinbase chart (settlement risk). Trigger: wick-hunt after adverse excursion (excursion_pct=0.028931619581351598, mid_improvement=16.5, arm_side_mid=44.5, now_side_mid=28.0, arm_spot=1866.67, spot=1867.01). Gate=pass_fib. ICT short: HTF bias is MIXED-to-bearish fading a bullish H4 OB. Setup phase is bearish_retest_rejected, strongly favoring SHORT (NO). This is a counter-H4-OB trade — the H4 bullish OB (1,841.52–1,878.50) is active, but the setup state and M5 bearish OB take precedence per KalshiRules. Conflict acknowledged: HTF structure is bullish OB demand, but price has failed to rally through the bearish retest zone (1,902.91–1,917.43), rejected hard, and is now chopping just below Weekly Open 1,870.99 — the M5 bearish OB entry is the trigger.

On H4: Price rallied into the H4 BRKR (bearish breaker zone ~1,902–1,917, visible as the pink/red box labeled H4 BRKR on both H4 and H1 charts) and was emphatically rejected — multiple red H4 candles cascading lower. Price is now sitting inside the H4 bullish OB (green box 1,841.52–1,878.50), but has been unable to reclaim Weekly Open 1,870.99. The H4 structure shows a clear bearish retest rejection off the BRKR, consistent with the setup_phase=bearish_retest_rejected. Regime: mixed — weekly shows prior bullish swing from lows, but immediate H4 leg is bearish displacement from the BRKR.

On H1: The H1 chart clearly shows the sharp drop from the H4 BRKR zone (~1,920+) down through 1,870 and into the 1,850s. Recent H1 candles are small and overlapping — corrective/choppy — consistent with a bull-regime slow counter-leg or a bear-regime pause before continuation lower. Price is hugging the Daily Open 1,859.77 and struggling to reclaim Weekly Open 1,870.99. The H4 bullish OB is visible as the green box spanning 1,841–1,878 on the H1, but price is not impulsively reclaiming it.

On M5: Spot is at 1,866.66, inside the bearish M5 OB (1,863.95–1,866.97, candle 2026-07-25T16:10). The programmatic alert confirms price is inside the M5 OB but currently above the fib entry band (0.25–0.50: 1,865.46–1,866.22). Spot at 1,866.66 is just above the top of the fib band (1,866.22). The M5 OB does NOT overlap an H4 OB per programmatic context ('no H4 OB overlap'). Entry is targeting a dip into the 0.25 tranche at 1,866.22 or just inside the band. 24h range is 1,849.26–1,870.44 (1.1% wide, ranging=True); spot is 3.78 below the 24h high — near the top of a tight range, consistent with a bearish fade. No recent M5 or H4 SFPs are present in the window — no SFP cited.

KalshiRules: Session is US afternoon (active hours, not last 3 minutes — execute window is open). Entry rule: spot_sell (NO) maps to the bearish M5 OB fib tranche at 1,866.22 (0.25 level); intended limit entry at ~1,865.84 (≤50¢ preferred, ~3¢ favorable to mid on Kalshi NO side — never chase). Hard block check: not in last-3-minute window. Setup_phase=bearish_retest_rejected fires the SHORT bias. M5 ≥0.25% retrace rule: the recent M5 push up to 1,866–1,867 is a small spike (~0.17% from 1,863 base) — below the 0.25% chase-fade threshold, so entry here is not chasing an extended M5 candle. SL placed above 24h high / Weekly Open cluster at 1,871.50 (~0.3% above entry). TP1 Daily Open 1,859.77, TP2 ~1,854, TP3 24h low 1,849.26. R/R ~1.6 at TP2. Risk note: Kalshi index may differ from Coinbase spot; freeze ~15–30s before expiry is expected. H4 bullish OB conflict is acknowledged — the bearish M5 OB and bearish_retest_rejected setup phase take M5 precedence per decision rules.",closed,yes,0.0,-1.25,2026-07-25T17:20:03Z,/opt/kalshi-15m-bot/charts/20260725T170102Z_ETH_USD_M5_marked.png
135,adverse,2026-07-25T19:39:03Z,KXETH15M,KXETH15M-26JUL251545-45,ETH,NO,5,12.5,2026-07-25T19:45:00Z,"HTF bias is mixed / conflicted. This window: NO with mixed HTF — LTF must carry the case. KalshiRules session: weekend. KalshiRules entry: NO mid≈15.5¢ → intended limit ~12.5¢ (−3¢ favorable); fill/paper 12.5¢; NEVER BUY >55¢; prefer ≤50¢ for ~2× payout. KalshiRules block/execute: minutes_left=5.9 — outside last-3m block. Model fair YES 72.5¢ vs mid 84.5¢ (edge -12.0¢); index may ≠ Coinbase chart (settlement risk). Trigger: wick-hunt after adverse excursion (excursion_pct=0.025616531201477777, mid_improvement=23.5, arm_side_mid=39.0, now_side_mid=15.5, arm_spot=1874.11, spot=1874.27). Gate=pass_fib. ICT short: KalshiRules session: US afternoon session (active hours, normal sizing applies). Setup phase is bearish_retest_rejected — strongly favoring SHORT / NO per decision rules.

On H4: Price is inside the active bullish H4 OB (1,841.52–1,878.50), but the dominant recent context is bearish — the H4 BRKR zone (pink, ~1,902–1,917) rejected price decisively and pushed ETH back into this OB range. The bearish supply retest zone at 1,902.91–1,917.43 remains unfilled but acted as the rejection ceiling last session. H4 structure shows LH/LL sequence from the 1,944 highs, confirming a bearish corrective leg. The bullish H4 OB is a conflict — we are fading it because setup phase (bearish_retest_rejected) and the M5 bearish OB take precedence per decision rules. HTF conflict acknowledged: counter-HTF fade is deliberate.

On H1: Price ground down from 1,880+ to cluster near the Daily Open (1,859.77) and Weekly Open (1,870.99). On the H1 chart the H4 BRKR overhead (~1,900–1,917) capped any recovery. The recent H1 action shows tight ranging between Daily Open 1,859.77 and Weekly Open 1,870.99 with no bullish MSB — consistent with bearish consolidation before another leg down toward Monday Low 1,841.52 and Prev Week Mid 1,846.43.

On M5: The detected bearish M5 OB sits at 1,863.95–1,866.97 (candle 2026-07-25T16:10). Spot at 1,874.14 is above this OB — price has recently pushed up through Weekly Open 1,870.99 toward the M5 OB zone. The entry band 0.25–0.50 gives tranches at 1,866.22 (0.25) and 1,865.46 (0.50). Spot is currently outside fib (above), consistent with programmatic note. The 24h range is 1.4% wide (1,849.26–1,875.12) with ranging=True; the 24h high was made only 1H ago — KalshiRules M5 ≥0.25% retrace rule applies: the recent push up to 24h high is very likely to retrace in the next 5 minutes. No M5 SFPs are listed in recent window. The bearish M5 OB at 1,863.95–1,866.97 does not overlap an H4 OB (programmatic confirms no overlap).

KalshiRules entry: Target is the bearish M5 OB fib 0.25 tranche at 1,866.22. This is a short / NO entry. Intended limit: bid the NO ticket ~3¢ more favorable than mid once the contract is priced — per KalshiRules ≤50¢ preferred, never buy >55¢. If ticket is >50¢ for NO at open of window, wait up to 5 minutes for cheaper entry. KalshiRules block: We are not in the last 3 minutes of the window — execute exception does not apply; standard entry rules apply. Risk note: Kalshi settlement uses their own index, not Coinbase chart; price may freeze ~15–30s before expiry. Model fair value is a proxy filter only.

SL is set just above the H4 OB top at 1,878.50 (Monday Mid 1,879.47 confluence). TP1 = Daily Open 1,859.77, TP2 = 24h Low 1,849.26, TP3 = Monday Low 1,841.52. R/R approximately 1.3× to TP1, improving significantly to TP2/TP3.",closed,yes,0.0,-0.625,2026-07-25T19:52:03Z,/opt/kalshi-15m-bot/charts/20260725T193317Z_ETH_USD_M5_marked.png
140,adverse,2026-07-25T21:54:03Z,KXETH15M,KXETH15M-26JUL251800-00,ETH,NO,5,6.299999999999997,2026-07-25T22:00:00Z,"HTF bias is mixed / conflicted. This window: NO with mixed HTF — LTF must carry the case. KalshiRules session: weekend. KalshiRules entry: NO mid≈9.3¢ → intended limit ~6.3¢ (−3¢ favorable); fill/paper 6.3¢; NEVER BUY >55¢; prefer ≤50¢ for ~2× payout. KalshiRules block/execute: minutes_left=5.9 — outside last-3m block. Model fair YES 81.3¢ vs mid 90.7¢ (edge -9.4¢); index may ≠ Coinbase chart (settlement risk). Trigger: wick-hunt after adverse excursion (excursion_pct=0.04437007852968744, mid_improvement=6.200000000000003, arm_side_mid=15.5, now_side_mid=9.3, arm_spot=1872.26, spot=1871.46). Gate=pass_fib. ICT short: KalshiRules session: US afternoon session, active trading hours, no last-3m block applies — this is an early-window decision.

On H4: The primary H4 structure is a bullish OB at 1,841.52–1,878.50 (active, unmitigated). However, directly above sits a bearish H4 BRKR spanning roughly 1,888–1,917 (Monday High 1,917.43). The setup phase is latched as bearish_retest_rejected — price rallied into the supply retest zone 1,902.91–1,917.43 and was rejected; that rejection has been holding. The H4 bias is therefore mixed: bullish OB below provides structural support, but the bearish breaker above and bearish_retest_rejected phase strongly favor SHORT per decision rules. HTF conflict acknowledged: this trade fades the bullish H4 OB's upper edge; M5 bearish OB takes precedence given setup state.

On H1: Price dropped sharply from the H4 BRKR/supply zone around 1,917 and has been consolidating in the 1,855–1,875 range. The H4 OB floor (1,841.52) is visible as the green zone on H1. Recent H1 candles show price grinding higher but unable to reclaim 1,879 (Monday Mid). No H1 SFPs in window. The corrective bounce from Monday Low 1,841.52 appears slow and choppy — consistent with a counter-trend recovery leg inside a bearish regime phase.

On M5: Spot is at 1,872.25, just below the 24h high of 1,875.12 made 3 hours ago. The only detected M5 OB is a bearish M5 OB at 1,863.95–1,866.97 (candle 2026-07-25T16:10), with fib entry band 0.25–0.50 at 1,865.46–1,866.22. The M5 OB does NOT overlap any H4 OB per programmatic context ('no H4 OB overlap'). Spot is currently outside the fib band (above it at 1,872.25), approaching the 24h high at 1,875.12 and Monday Mid at 1,879.47 — these are resistance. Price is ranging (24h width 1.4%) near the top of the range. KalshiRules: M5 candles near 24h high with setup state bearish_retest_rejected favor a NO/short entry on a retrace into the M5 bearish OB fib band. The intended entry is a limit sell at 1,866.22 (fib 0.25 tranche of M5 OB), which would be reached on a pullback from current price — approximately 3¢ favorable vs a mid-market sell entry near spot. No M5 SFPs cited (none in window).

KalshiRules entry rule: Desired side is NO (short). Price of the NO contract is not directly stated, but given spot is near 24h high in a bearish_retest_rejected phase, NO is the lower-payout side — consistent with ≤50¢ preferred entry. Limit set at M5 OB 0.25 fib (1,866.22), ~3¢ favorable vs chasing spot at 1,872. Never chase: do not enter if spot runs above 1,875 without a retrace. Block: not in last 3 minutes. KalshiRules M5 ≥0.25% retrace note: if price continues impulsively up from 1,872, wait — do not chase; the retrace into 1,866 is the entry.

Risk note: Settlement uses Kalshi's own index (not Coinbase chart); freeze near expiry is expected. Bullish H4 OB below 1,878 is a structural conflict — acknowledged. M5 bearish OB and bearish_retest_rejected phase take precedence for this 15m binary window. SL above Monday Mid 1,879.47; TP1 at Daily Open 1,859.77, TP2 ~1,853, TP3 Prev Week Mid 1,846.43.",closed,yes,0.0,-0.31499999999999984,2026-07-25T22:00:03Z,/opt/kalshi-15m-bot/charts/20260725T214813Z_ETH_USD_M5_marked.png
147,adverse,2026-07-26T03:38:03Z,KXETH15M,KXETH15M-26JUL252345-45,ETH,NO,5,5.549999999999997,2026-07-26T03:45:00Z,"HTF bias is bearish (favor NO / down). This window: NO aligns with HTF. KalshiRules session: weekend. KalshiRules entry: NO mid≈8.5¢ → intended limit ~5.5¢ (−3¢ favorable); fill/paper 5.5¢; NEVER BUY >55¢; prefer ≤50¢ for ~2× payout. KalshiRules block/execute: minutes_left=6.9 — outside last-3m block. Model fair YES 79.6¢ vs mid 91.5¢ (edge -11.8¢); index may ≠ Coinbase chart (settlement risk). Trigger: wick-hunt after adverse excursion (excursion_pct=0.07712109607691531, mid_improvement=23.950000000000003, arm_side_mid=32.5, now_side_mid=8.5, arm_spot=1881.26, spot=1881.61). Gate=skipped_llm_no_trade. ICT none: Spot $1,881.26. Retest status (rolling 24h): NOT YET FILLED (supply 1,902.91-1,917.43). No valid H4 SFP in the recent window. No valid M5 SFP in the recent window. Nearest detected M5 OB: bearish M5 OB 1,863.95-1,866.97 (candle 2026-07-25T16:10, displacement 2026-07-25T16:15) | entry band 0.25-0.50: 1,865.46-1,866.22 | tranches @ 1,866.22 / 1,865.46 | add @ 1,864.80. No trade until LTF structure aligns with programmatic context.",closed,yes,0.0,-0.27749999999999986,2026-07-26T03:52:03Z,/opt/kalshi-15m-bot/charts/20260726T033326Z_ETH_USD_M5_marked.png
148,adverse,2026-07-26T04:06:03Z,KXETH15M,KXETH15M-26JUL260015-15,ETH,NO,5,15.5,2026-07-26T04:15:00Z,"HTF bias is bearish (favor NO / down). This window: NO aligns with HTF. KalshiRules session: weekend. KalshiRules entry: NO mid≈18.5¢ → intended limit ~15.5¢ (−3¢ favorable); fill/paper 15.5¢; NEVER BUY >55¢; prefer ≤50¢ for ~2× payout. KalshiRules block/execute: minutes_left=8.9 — outside last-3m block. Model fair YES 64.1¢ vs mid 81.5¢ (edge -17.4¢); index may ≠ Coinbase chart (settlement risk). Trigger: wick-hunt after adverse excursion (excursion_pct=0.03456178317531311, mid_improvement=44.0, arm_side_mid=62.5, now_side_mid=18.5, arm_spot=1879.85, spot=1881.34). Gate=skipped_llm_no_trade. ICT none: Spot $1,879.89. Retest status (rolling 24h): NOT YET FILLED (supply 1,902.91-1,917.43). No valid H4 SFP in the recent window. No valid M5 SFP in the recent window. Nearest detected M5 OB: bearish M5 OB 1,863.95-1,866.97 (candle 2026-07-25T16:10, displacement 2026-07-25T16:15) | entry band 0.25-0.50: 1,865.46-1,866.22 | tranches @ 1,866.22 / 1,865.46 | add @ 1,864.80. No trade until LTF structure aligns with programmatic context.",closed,no,5.0,4.225,2026-07-26T04:21:03Z,/opt/kalshi-15m-bot/charts/20260726T040236Z_ETH_USD_M5_marked.png
151,adverse,2026-07-26T04:38:03Z,KXETH15M,KXETH15M-26JUL260045-45,ETH,NO,5,37.0,2026-07-26T04:45:00Z,"HTF bias is bearish (favor NO / down). This window: NO aligns with HTF. KalshiRules session: weekend. KalshiRules entry: NO mid≈40.0¢ → intended limit ~37.0¢ (−3¢ favorable); fill/paper 37.0¢; NEVER BUY >55¢; prefer ≤50¢ for ~2× payout. KalshiRules block/execute: minutes_left=6.9 — outside last-3m block. Model fair YES 39.3¢ vs mid 60.0¢ (edge -20.7¢); index may ≠ Coinbase chart (settlement risk). Trigger: wick-hunt after adverse excursion (excursion_pct=-0.016996053728768334, mid_improvement=22.5, arm_side_mid=62.5, now_side_mid=40.0, arm_spot=1881.92, spot=1882.47). Gate=skipped_llm_no_trade. ICT none: Spot $1,881.96. Retest status (rolling 24h): NOT YET FILLED (supply 1,902.91-1,917.43). No valid H4 SFP in the recent window. No valid M5 SFP in the recent window. Nearest detected M5 OB: bearish M5 OB 1,863.95-1,866.97 (candle 2026-07-25T16:10, displacement 2026-07-25T16:15) | entry band 0.25-0.50: 1,865.46-1,866.22 | tranches @ 1,866.22 / 1,865.46 | add @ 1,864.80. No trade until LTF structure aligns with programmatic context.",closed,yes,0.0,-1.85,2026-07-26T04:52:03Z,/opt/kalshi-15m-bot/charts/20260726T043145Z_ETH_USD_M5_marked.png
154,adverse,2026-07-26T04:55:03Z,KXETH15M,KXETH15M-26JUL260100-00,ETH,NO,5,8.0,2026-07-26T05:00:00Z,"HTF bias is bearish (favor NO / down). This window: NO aligns with HTF. KalshiRules session: weekend. KalshiRules entry: NO mid≈11.0¢ → intended limit ~8.0¢ (−3¢ favorable); fill/paper 8.0¢; NEVER BUY >55¢; prefer ≤50¢ for ~2× payout. KalshiRules block/execute: minutes_left=4.9 — outside last-3m block. Model fair YES 75.9¢ vs mid 89.0¢ (edge -13.1¢); index may ≠ Coinbase chart (settlement risk). Trigger: wick-hunt after adverse excursion (excursion_pct=0.04271463440517209, mid_improvement=24.0, arm_side_mid=35.0, now_side_mid=11.0, arm_spot=1884.64, spot=1885.405). Gate=skipped_llm_no_trade. ICT none: Spot $1,884.64. Retest status (rolling 24h): NOT YET FILLED (supply 1,902.91-1,917.43). No valid H4 SFP in the recent window. No valid M5 SFP in the recent window. Nearest detected M5 OB: bearish M5 OB 1,863.95-1,866.97 (candle 2026-07-25T16:10, displacement 2026-07-25T16:15) | entry band 0.25-0.50: 1,865.46-1,866.22 | tranches @ 1,866.22 / 1,865.46 | add @ 1,864.80. No trade until LTF structure aligns with programmatic context.",closed,no,5.0,4.6000000000000005,2026-07-26T05:06:03Z,/opt/kalshi-15m-bot/charts/20260726T044745Z_ETH_USD_M5_marked.png
155,adverse,2026-07-26T05:08:03Z,KXETH15M,KXETH15M-26JUL260115-15,ETH,NO,5,32.5,2026-07-26T05:15:00Z,"HTF bias is bearish (favor NO / down). This window: NO aligns with HTF. KalshiRules session: weekend. KalshiRules entry: NO mid≈35.5¢ → intended limit ~32.5¢ (−3¢ favorable); fill/paper 32.5¢; NEVER BUY >55¢; prefer ≤50¢ for ~2× payout. KalshiRules block/execute: minutes_left=6.9 — outside last-3m block. Model fair YES 56.1¢ vs mid 64.5¢ (edge -8.4¢); index may ≠ Coinbase chart (settlement risk). Trigger: wick-hunt after adverse excursion (excursion_pct=0.011143716801020886, mid_improvement=14.0, arm_side_mid=49.5, now_side_mid=35.5, arm_spot=1883.93, spot=1884.68). Gate=skipped_llm_no_trade. ICT none: Spot $1,883.93. Retest status (rolling 24h): NOT YET FILLED (supply 1,902.91-1,917.43). No valid H4 SFP in the recent window. No valid M5 SFP in the recent window. Nearest detected M5 OB: bearish M5 OB 1,863.95-1,866.97 (candle 2026-07-25T16:10, displacement 2026-07-25T16:15) | entry band 0.25-0.50: 1,865.46-1,866.22 | tranches @ 1,866.22 / 1,865.46 | add @ 1,864.80. No trade until LTF structure aligns with programmatic context.",closed,yes,0.0,-1.625,2026-07-26T05:21:03Z,/opt/kalshi-15m-bot/charts/20260726T050146Z_ETH_USD_M5_marked.png
158,adverse,2026-07-26T05:38:03Z,KXETH15M,KXETH15M-26JUL260145-45,ETH,NO,5,32.5,2026-07-26T05:45:00Z,"HTF bias is bearish (favor NO / down). This window: NO aligns with HTF. KalshiRules session: weekend. KalshiRules entry: NO mid≈35.5¢ → intended limit ~32.5¢ (−3¢ favorable); fill/paper 32.5¢; NEVER BUY >55¢; prefer ≤50¢ for ~2× payout. KalshiRules block/execute: minutes_left=6.9 — outside last-3m block. Model fair YES 53.5¢ vs mid 64.5¢ (edge -11.0¢); index may ≠ Coinbase chart (settlement risk). Trigger: wick-hunt after adverse excursion (excursion_pct=0.005308672778703283, mid_improvement=27.0, arm_side_mid=62.5, now_side_mid=35.5, arm_spot=1882.28, spot=1883.81). Gate=skipped_llm_no_trade. ICT none: Spot $1,882.75. Retest status (rolling 24h): NOT YET FILLED (supply 1,902.91-1,917.43). No valid H4 SFP in the recent window. No valid M5 SFP in the recent window. Nearest detected M5 OB: bearish M5 OB 1,863.95-1,866.97 (candle 2026-07-25T16:10, displacement 2026-07-25T16:15) | entry band 0.25-0.50: 1,865.46-1,866.22 | tranches @ 1,866.22 / 1,865.46 | add @ 1,864.80. No trade until LTF structure aligns with programmatic context.",closed,yes,0.0,-1.625,2026-07-26T05:53:03Z,/opt/kalshi-15m-bot/charts/20260726T053318Z_ETH_USD_M5_marked.png
159,adverse,2026-07-26T06:05:03Z,KXETH15M,KXETH15M-26JUL260215-15,ETH,NO,5,25.5,2026-07-26T06:15:00Z,"HTF bias is bearish (favor NO / down). This window: NO aligns with HTF. KalshiRules session: weekend. KalshiRules entry: NO mid≈28.5¢ → intended limit ~25.5¢ (−3¢ favorable); fill/paper 25.5¢; NEVER BUY >55¢; prefer ≤50¢ for ~2× payout. KalshiRules block/execute: minutes_left=9.9 — outside last-3m block. Model fair YES 38.3¢ vs mid 71.5¢ (edge -33.2¢); index may ≠ Coinbase chart (settlement risk). Trigger: wick-hunt after adverse excursion (excursion_pct=-0.01880418154003305, mid_improvement=26.5, arm_side_mid=55.0, now_side_mid=28.5, arm_spot=1881.768, spot=1882.206). Gate=skipped_llm_no_trade. ICT none: Spot $1,881.91. Retest status (rolling 24h): NOT YET FILLED (supply 1,902.91-1,917.43). No valid H4 SFP in the recent window. No valid M5 SFP in the recent window. Nearest detected M5 OB: bearish M5 OB 1,863.95-1,866.97 (candle 2026-07-25T16:10, displacement 2026-07-25T16:15) | entry band 0.25-0.50: 1,865.46-1,866.22 | tranches @ 1,866.22 / 1,865.46 | add @ 1,864.80. No trade until LTF structure aligns with programmatic context.",closed,no,5.0,3.725,2026-07-26T06:20:03Z,/opt/kalshi-15m-bot/charts/20260726T060102Z_ETH_USD_M5_marked.png
160,adverse,2026-07-26T06:52:03Z,KXETH15M,KXETH15M-26JUL260300-00,ETH,NO,5,4.799999999999997,2026-07-26T07:00:00Z,"HTF bias is bearish (favor NO / down). This window: NO aligns with HTF. KalshiRules session: weekend. KalshiRules entry: NO mid≈7.8¢ → intended limit ~4.8¢ (−3¢ favorable); fill/paper 4.8¢; NEVER BUY >55¢; prefer ≤50¢ for ~2× payout. KalshiRules block/execute: minutes_left=7.9 — outside last-3m block. Model fair YES 79.1¢ vs mid 92.2¢ (edge -13.1¢); index may ≠ Coinbase chart (settlement risk). Trigger: wick-hunt after adverse excursion (excursion_pct=0.07496809868141607, mid_improvement=12.700000000000003, arm_side_mid=20.5, now_side_mid=7.8, arm_spot=1881.59, spot=1882.21). Gate=skipped_llm_no_trade. ICT none: Spot $1,881.76. Retest status (rolling 24h): NOT YET FILLED (supply 1,902.91-1,917.43). No valid H4 SFP in the recent window. No valid M5 SFP in the recent window. Nearest detected M5 OB: bearish M5 OB 1,863.95-1,866.97 (candle 2026-07-25T16:10, displacement 2026-07-25T16:15) | entry band 0.25-0.50: 1,865.46-1,866.22 | tranches @ 1,866.22 / 1,865.46 | add @ 1,864.80. No trade until LTF structure aligns with programmatic context.",closed,yes,0.0,-0.23999999999999988,2026-07-26T07:07:03Z,/opt/kalshi-15m-bot/charts/20260726T064816Z_ETH_USD_M5_marked.png
162,adverse,2026-07-26T07:50:03Z,KXETH15M,KXETH15M-26JUL260400-00,ETH,NO,5,24.5,2026-07-26T08:00:00Z,"HTF bias is bearish (favor NO / down). This window: NO aligns with HTF. KalshiRules session: weekend. KalshiRules entry: NO mid≈27.5¢ → intended limit ~24.5¢ (−3¢ favorable); fill/paper 24.5¢; NEVER BUY >55¢; prefer ≤50¢ for ~2× payout. KalshiRules block/execute: minutes_left=9.9 — outside last-3m block. Model fair YES 58.2¢ vs mid 72.5¢ (edge -14.3¢); index may ≠ Coinbase chart (settlement risk). Trigger: wick-hunt after adverse excursion (excursion_pct=0.011703497217752101, mid_improvement=14.5, arm_side_mid=42.0, now_side_mid=27.5, arm_spot=1879.57, spot=1880.0). Gate=skipped_llm_no_trade. ICT none: KalshiRules session: US session active, valid trading window, not in last-3m block.

HTF bias (H4): Bearish. On H4, price peaked near the Prev Week High ~1,944 and has been grinding lower over the past several sessions. A pink H4 BRKR zone is active overhead (~1,902–1,917, coinciding with Monday High 1,917.43), and a green H4 OB is visible ~1,841–1,878 acting as the current support shelf. The setup phase is 'bearish_retest_rejected' — price attempted a retest of the supply zone (1,902.91–1,917.43) and was rejected; this strongly favors SHORT. A NO trade aligns with HTF bias.

H1 context: On H1, price has been compressing in the 1,855–1,885 range over the past 24h, sitting inside the H4 OB green box (1,841–1,878 approximately). The H4 BRKR bearish zone overhead has capped all H1 bounces. Current spot 1,879.58 is above Monday Mid 1,879.47, hugging that level, with Daily Open at 1,873.01 and Weekly Open at 1,870.99 providing nearby support. The H1 structure is sideways-to-weak-bearish with no clean directional impulse in the last several bars.

M5 entry assessment: On M5, the only detected OBs are both bearish M5 OB 1,863.95–1,866.97 (candle 2026-07-25T16:10), with fib entry band 0.25–0.50 at 1,865.46–1,866.22. Current spot at 1,879.58 is approximately 13 points ABOVE that entry band — spot is well outside the fib zone. KalshiRules entry rule: spot is not inside or near the M5 OB fib band; cannot form a valid entry. No M5 SFPs are listed in recent windows. There is no fresh M5 OB fib retest available at current price.

Decision: No valid M5 OB fib entry exists at spot (~1,879.58 vs band 1,865.46–1,866.22). The bearish M5 OB fib is ~13 points below current price — too far to enter without chasing. KalshiRules 'never chase' applies. Setup phase bearish_retest_rejected favors SHORT, but the M5 entry trigger is absent. Wait for price to retrace into the 1,865–1,866 M5 OB fib band before considering a NO ticket, or for a new M5 bearish OB to form near current price.",closed,yes,0.0,-1.225,2026-07-26T08:07:03Z,/opt/kalshi-15m-bot/charts/20260726T074650Z_ETH_USD_M5_marked.png
163,adverse,2026-07-26T08:36:03Z,KXETH15M,KXETH15M-26JUL260445-45,ETH,NO,5,16.5,2026-07-26T08:45:00Z,"HTF bias is bearish (favor NO / down). This window: NO aligns with HTF. KalshiRules session: weekend. KalshiRules entry: NO mid≈19.5¢ → intended limit ~16.5¢ (−3¢ favorable); fill/paper 16.5¢; NEVER BUY >55¢; prefer ≤50¢ for ~2× payout. KalshiRules block/execute: minutes_left=8.9 — outside last-3m block. Model fair YES 51.1¢ vs mid 80.5¢ (edge -29.4¢); index may ≠ Coinbase chart (settlement risk). Trigger: wick-hunt after adverse excursion (excursion_pct=0.0012241791346623287, mid_improvement=13.0, arm_side_mid=32.5, now_side_mid=19.5, arm_spot=1878.466, spot=1878.833). Gate=skipped_llm_no_trade. ICT none: KalshiRules session: US pre-market / early session (approx 04:00–07:00 ET on Jul 26). Session is active but spot is ~$1,879.20, near Monday Mid $1,879.47 — a key decision level that requires confirmation before committing.

On H4: Structure is bearish. H4 BRKR (pink/red) sits overhead spanning roughly $1,902–$1,917 (Monday High $1,917.43 is the top). Setup phase is `bearish_retest_rejected` — the supply retest zone $1,902.91–$1,917.43 was tagged on Jul 24 and rejected. H4 shows a sequence of lower highs from the Jul 23 peak (~$1,950) and price is now grinding lower toward the H4 bullish OB zone ($1,841.52–$1,878.50). HTF bias is bearish. NO (short) aligns with HTF; YES (long) would fade it.

On H1: Price has been consolidating between approximately $1,855 and $1,885 for the past ~12 hours. The H4 BRKR ceiling at $1,900+ is firmly above. The H4 bullish OB (green box) provides a floor near $1,841–$1,878, with Weekly Open $1,870.99 and Daily Open $1,873.01 acting as intra-zone pivots. H1 action is choppy and overlapping — corrective, not impulsive. No H4 or M5 SFPs are listed in the recent window.

On M5: The only detected M5 OB is bearish M5 OB $1,863.95–$1,866.97 (candle 2026-07-25T16:10), with fib entry band 0.25–0.50 at $1,865.46–$1,866.22. Programmatic context confirms spot is currently OUTSIDE this fib band ($1,879.20 is ~$13 above it). KalshiRules entry rule: entry must sit on M5 OB fib tranche 0.25 or 0.50, or inside the 0.25–0.50 band — current spot does not satisfy this. No M5 SFPs are listed in the recent window. The 24h range ($1,850.21–$1,887.59, width 2.0%) is intact and ranging=True; spot is near the upper half of the range, not at a clean fade point.

KalshiRules block/execute: Not in last-3m block window, but no valid M5 fib entry exists. The bearish M5 OB entry band ($1,865.46–$1,866.22) is ~$13 below spot — chasing a NO ticket at current spot would violate the 'never chase' rule. KalshiRules entry rule requires ≤50¢ with ~3¢ favorable limit and an M5 OB fib trigger; neither condition is met here. Returning no_trade — wait for price to retrace into the M5 OB fib band ($1,865–$1,867) or for a new M5 OB to form closer to current spot before re-evaluating.",closed,yes,0.0,-0.8250000000000001,2026-07-26T08:51:03Z,/opt/kalshi-15m-bot/charts/20260726T083316Z_ETH_USD_M5_marked.png
164,adverse,2026-07-26T08:53:03Z,KXETH15M,KXETH15M-26JUL260500-00,ETH,NO,5,9.5,2026-07-26T09:00:00Z,"HTF bias is bearish (favor NO / down). This window: NO aligns with HTF. KalshiRules session: weekend. KalshiRules entry: NO mid≈12.5¢ → intended limit ~9.5¢ (−3¢ favorable); fill/paper 9.5¢; NEVER BUY >55¢; prefer ≤50¢ for ~2× payout. KalshiRules block/execute: minutes_left=6.9 — outside last-3m block. Model fair YES 70.7¢ vs mid 87.5¢ (edge -16.8¢); index may ≠ Coinbase chart (settlement risk). Trigger: wick-hunt after adverse excursion (excursion_pct=0.02180595887715242, mid_improvement=39.5, arm_side_mid=52.0, now_side_mid=12.5, arm_spot=1879.361, spot=1880.63). Gate=skipped_llm_no_trade. ICT none: Spot $1,879.96. Retest status (rolling 24h): NOT YET FILLED (supply 1,902.91-1,917.43). No valid H4 SFP in the recent window. No valid M5 SFP in the recent window. Nearest detected M5 OB: bearish M5 OB 1,863.95-1,866.97 (candle 2026-07-25T16:10, displacement 2026-07-25T16:15) | entry band 0.25-0.50: 1,865.46-1,866.22 | tranches @ 1,866.22 / 1,865.46 | add @ 1,864.80. No trade until LTF structure aligns with programmatic context.",closed,yes,0.0,-0.475,2026-07-26T09:07:03Z,/opt/kalshi-15m-bot/charts/20260726T084637Z_ETH_USD_M5_marked.png
165,adverse,2026-07-26T09:10:03Z,KXETH15M,KXETH15M-26JUL260515-15,ETH,NO,5,7.5,2026-07-26T09:15:00Z,"HTF bias is bearish (favor NO / down). This window: NO aligns with HTF. KalshiRules session: weekend. KalshiRules entry: NO mid≈10.5¢ → intended limit ~7.5¢ (−3¢ favorable); fill/paper 7.5¢; NEVER BUY >55¢; prefer ≤50¢ for ~2× payout. KalshiRules block/execute: minutes_left=4.9 — outside last-3m block. Model fair YES 81.1¢ vs mid 89.5¢ (edge -8.4¢); index may ≠ Coinbase chart (settlement risk). Trigger: wick-hunt after adverse excursion (excursion_pct=0.028718210536404776, mid_improvement=19.0, arm_side_mid=29.5, now_side_mid=10.5, arm_spot=1880.58, spot=1880.88). Gate=skipped_llm_no_trade. ICT none: Spot $1,880.57. Retest status (rolling 24h): NOT YET FILLED (supply 1,902.91-1,917.43). No valid H4 SFP in the recent window. No valid M5 SFP in the recent window. Nearest detected M5 OB: bearish M5 OB 1,863.95-1,866.97 (candle 2026-07-25T16:10, displacement 2026-07-25T16:15) | entry band 0.25-0.50: 1,865.46-1,866.22 | tranches @ 1,866.22 / 1,865.46 | add @ 1,864.80. No trade until LTF structure aligns with programmatic context.",closed,yes,0.0,-0.375,2026-07-26T09:22:03Z,/opt/kalshi-15m-bot/charts/20260726T090317Z_ETH_USD_M5_marked.png
168,adverse,2026-07-26T09:39:03Z,KXETH15M,KXETH15M-26JUL260545-45,ETH,NO,5,24.5,2026-07-26T09:45:00Z,"HTF bias is bearish (favor NO / down). This window: NO aligns with HTF. KalshiRules session: weekend. KalshiRules entry: NO mid≈27.5¢ → intended limit ~24.5¢ (−3¢ favorable); fill/paper 24.5¢; NEVER BUY >55¢; prefer ≤50¢ for ~2× payout. KalshiRules block/execute: minutes_left=5.9 — outside last-3m block. Model fair YES 64.0¢ vs mid 72.5¢ (edge -8.5¢); index may ≠ Coinbase chart (settlement risk). Trigger: wick-hunt after adverse excursion (excursion_pct=0.019651895876826586, mid_improvement=31.0, arm_side_mid=58.5, now_side_mid=27.5, arm_spot=1882.25, spot=1883.14). Gate=skipped_llm_no_trade. ICT none: Spot $1,882.25. Retest status (rolling 24h): NOT YET FILLED (supply 1,902.91-1,917.43). No valid H4 SFP in the recent window. No valid M5 SFP in the recent window. Nearest detected M5 OB: bearish M5 OB 1,863.95-1,866.97 (candle 2026-07-25T16:10, displacement 2026-07-25T16:15) | entry band 0.25-0.50: 1,865.46-1,866.22 | tranches @ 1,866.22 / 1,865.46 | add @ 1,864.80. No trade until LTF structure aligns with programmatic context.",closed,yes,0.0,-1.225,2026-07-26T09:51:03Z,/opt/kalshi-15m-bot/charts/20260726T093315Z_ETH_USD_M5_marked.png
170,adverse,2026-07-26T10:08:03Z,KXETH15M,KXETH15M-26JUL260615-15,ETH,NO,5,31.5,2026-07-26T10:15:00Z,"HTF bias is bearish (favor NO / down). This window: NO aligns with HTF. KalshiRules session: weekend. KalshiRules entry: NO mid≈34.5¢ → intended limit ~31.5¢ (−3¢ favorable); fill/paper 31.5¢; NEVER BUY >55¢; prefer ≤50¢ for ~2× payout. KalshiRules block/execute: minutes_left=6.9 — outside last-3m block. Model fair YES 51.9¢ vs mid 65.5¢ (edge -13.6¢); index may ≠ Coinbase chart (settlement risk). Trigger: wick-hunt after adverse excursion (excursion_pct=0.0026559437364959138, mid_improvement=34.0, arm_side_mid=68.5, now_side_mid=34.5, arm_spot=1881.44, spot=1882.62). Gate=skipped_llm_no_trade. ICT none: Spot $1,880.80. Retest status (rolling 24h): NOT YET FILLED (supply 1,902.91-1,917.43). No valid H4 SFP in the recent window. No valid M5 SFP in the recent window. Nearest detected M5 OB: bearish M5 OB 1,863.95-1,866.97 (candle 2026-07-25T16:10, displacement 2026-07-25T16:15) | entry band 0.25-0.50: 1,865.46-1,866.22 | tranches @ 1,866.22 / 1,865.46 | add @ 1,864.80. No trade until LTF structure aligns with programmatic context.",closed,yes,0.0,-1.575,2026-07-26T10:22:03Z,/opt/kalshi-15m-bot/charts/20260726T100152Z_ETH_USD_M5_marked.png
171,adverse,2026-07-26T10:25:03Z,KXETH15M,KXETH15M-26JUL260630-30,ETH,NO,5,26.5,2026-07-26T10:30:00Z,"HTF bias is bearish (favor NO / down). This window: NO aligns with HTF. KalshiRules session: weekend. KalshiRules entry: NO mid≈29.5¢ → intended limit ~26.5¢ (−3¢ favorable); fill/paper 26.5¢; NEVER BUY >55¢; prefer ≤50¢ for ~2× payout. KalshiRules block/execute: minutes_left=4.9 — outside last-3m block. Model fair YES 62.2¢ vs mid 70.5¢ (edge -8.3¢); index may ≠ Coinbase chart (settlement risk). Trigger: wick-hunt after adverse excursion (excursion_pct=0.017517783204179516, mid_improvement=52.0, arm_side_mid=81.5, now_side_mid=29.5, arm_spot=1882.27, spot=1884.13). Gate=skipped_llm_no_trade. ICT none: Spot $1,882.28. Retest status (rolling 24h): NOT YET FILLED (supply 1,902.91-1,917.43). No valid H4 SFP in the recent window. No valid M5 SFP in the recent window. Nearest detected M5 OB: bearish M5 OB 1,863.95-1,866.97 (candle 2026-07-25T16:10, displacement 2026-07-25T16:15) | entry band 0.25-0.50: 1,865.46-1,866.22 | tranches @ 1,866.22 / 1,865.46 | add @ 1,864.80. No trade until LTF structure aligns with programmatic context.",closed,yes,0.0,-1.3250000000000002,2026-07-26T10:35:03Z,/opt/kalshi-15m-bot/charts/20260726T101824Z_ETH_USD_M5_marked.png
173,adverse,2026-07-26T10:36:03Z,KXETH15M,KXETH15M-26JUL260645-45,ETH,NO,5,13.5,2026-07-26T10:45:00Z,"HTF bias is bearish (favor NO / down). This window: NO aligns with HTF. KalshiRules session: weekend. KalshiRules entry: NO mid≈16.5¢ → intended limit ~13.5¢ (−3¢ favorable); fill/paper 13.5¢; NEVER BUY >55¢; prefer ≤50¢ for ~2× payout. KalshiRules block/execute: minutes_left=8.9 — outside last-3m block. Model fair YES 73.6¢ vs mid 83.5¢ (edge -9.9¢); index may ≠ Coinbase chart (settlement risk). Trigger: wick-hunt after adverse excursion (excursion_pct=0.04192805358298468, mid_improvement=11.0, arm_side_mid=27.5, now_side_mid=16.5, arm_spot=1884.56, spot=1884.97). Gate=skipped_llm_no_trade. ICT none: KalshiRules session: US pre-market / early session (ETH ~6:30am ET on Jul 26). Standard session rules apply — no open/close volatility exception fires here.

HTF bias (H4): Bearish. Setup phase is bearish_retest_rejected — price tagged the supply retest zone 1,902.91–1,917.43 (Monday High 1,917.43 / H4 BRKR visible on chart) and was rejected. H4 shows a clear LH/LL sequence off the ~1,950 highs, with price now ranging in the 1,855–1,887 zone. Active H4 bullish OB (green box) sits roughly 1,855–1,878, providing support near current spot. H4 bearish breaker (pink BRKR) projects overhead at 1,900–1,917 and has capped every rally attempt. Regime: mixed — longer-term weekly structure turned bullish (recovery from 1,750 lows), but H4 is clearly bearish after the supply retest rejection. HTF bias = soft bearish / NO-favoring.

H1: Price has been grinding in a tight 1,860–1,887 range for the last several hours after the selloff from 1,917. H1 shows price sitting near the top of the H4 bullish OB (green box visible), with Monday Mid 1,879.47 and Weekly Open 1,870.99 as nearby pivots. Recent H1 candles are indecisive dojis — no impulsive directional commitment. 24h high of 1,887.59 was made 6 hours ago and has not been retaken; 24h low 1,855.10 was made 22 hours ago. Ranging = True per context; 24h width only 1.7%.

M5: The only programmatic M5 OBs are bearish at 1,863.95–1,866.97 (candle 2026-07-25T16:10), with entry fib band 0.25–0.50 at 1,865.46–1,866.22. Current spot is 1,884.64 — approximately 18–19 points ABOVE the M5 OB fib entry band. Spot is well outside the 0.25–0.50 fib zone; no M5 SFPs listed in programmatic context. KalshiRules entry rule: spot is outside the M5 OB fib band — no valid fib tranche entry exists at current price. Per rules, if price is outside the M5 OB 0.25–0.50 band, default no_trade and wait for retest.

Decision: No trade. HTF bias is bearish (bearish_retest_rejected, H4 BRKR overhead, supply zone unfilled), which would favor NO/short, but the only detected M5 bearish OB fib entry band (1,865.46–1,866.22) is ~19 points below spot. Chasing a short here at 1,884+ violates KalshiRules 'never chase' and the M5 fib gate. A long (YES) would fade the HTF bearish setup with no M5 bullish OB support — also invalid. No M5 SFPs available to substitute. Wait for either: (a) price to retrace into 1,863–1,867 M5 bearish OB fib zone for a NO entry, or (b) a fresh M5 OB/SFP to print near current price. KalshiRules block: not last-3m, but entry gate fails — no_trade.",closed,yes,0.0,-0.675,2026-07-26T10:51:03Z,/opt/kalshi-15m-bot/charts/20260726T103315Z_ETH_USD_M5_marked.png
175,adverse,2026-07-26T11:08:03Z,KXETH15M,KXETH15M-26JUL260715-15,ETH,NO,5,15.5,2026-07-26T11:15:00Z,"HTF bias is bearish (favor NO / down). This window: NO aligns with HTF. KalshiRules session: weekend. KalshiRules entry: NO mid≈18.5¢ → intended limit ~15.5¢ (−3¢ favorable); fill/paper 15.5¢; NEVER BUY >55¢; prefer ≤50¢ for ~2× payout. KalshiRules block/execute: minutes_left=6.9 — outside last-3m block. Model fair YES 56.5¢ vs mid 81.5¢ (edge -25.0¢); index may ≠ Coinbase chart (settlement risk). Trigger: wick-hunt after adverse excursion (excursion_pct=0.01167375051072117, mid_improvement=2.0, arm_side_mid=20.5, now_side_mid=18.5, arm_spot=1885.19, spot=1884.79). Gate=skipped_llm_no_trade. ICT none: KalshiRules session: US session, early morning (~7am ET). Standard trading hours apply — no open/close volatility block in effect. Not within last 3 minutes of window, so no block rule triggered.

On H4: Structure is bearish from the retest zone. Price peaked near 1,917–1,944 (Monday High / Prev Week High area) and has since sold off. The H4 BRKR (pink/red box visible on H4 chart, ~1,900–1,920) is acting as resistance overhead. An H4 OB (green box, ~1,841–1,878) sits below current price as a demand zone. Setup phase is bearish_retest_rejected — the retest zone at 1,902–1,917 was never filled from below and price rejected. HTF bias is BEARISH. A NO (short) trade would align with HTF bias; a YES (long) would fade it.

On H1: Price has been ranging in a tight band ~1,870–1,887 for the last several hours. The H4 OB (green box ~1,841–1,878) is visible with price sitting just above it. The H4 BRKR (pink, ~1,900–1,920) caps upside. H1 shows a slow, corrective grind upward from the 24h low at 1,855 — consistent with a corrective retrace in a bear regime, not an impulsive bullish reversal. Monday Mid at 1,879.47 and Weekly Open at 1,870.99 are nearby.

On M5: The only detected M5 OB is bearish: 1,863.95–1,866.97 (candle 2026-07-25T16:10), with fib entry band 0.25–0.50 at 1,865.46–1,866.22. Current spot is 1,885.39 — approximately 19 points ABOVE the M5 OB fib entry band. Spot is well outside the 0.25–0.50 fib band. The M5 chart shows price grinding near the 24h high (1,887.59) with no fresh M5 SFP reclaim in the window (Recent M5 SFPs: none). No M5 OB fib tranche is reachable at current price for a short entry without chasing. No valid long-side M5 OB exists in programmatic context.

KalshiRules entry rule: Entry requires price to be at or inside the M5 OB fib 0.25–0.50 band (1,865.46–1,866.22 for the bearish OB). Spot at 1,885.39 is ~20 points above that band — chasing a short here violates the 'never chase' rule. The M5 ≥0.25% retrace rule also applies: the recent grind up from 1,855 to 1,887 has been multi-candle and slow (corrective), but there is no displacement candle or fresh SFP to trigger a short. No long-side M5 OB exists to enter YES. Decision: no_trade — wait for price to retrace into the M5 bearish OB fib band (1,865–1,866) before considering a NO entry, or for a fresh M5 SFP at the 24h high (1,887.59) to form with a confirmed reclaim.",closed,yes,0.0,-0.775,2026-07-26T11:21:03Z,/opt/kalshi-15m-bot/charts/20260726T110343Z_ETH_USD_M5_marked.png
176,adverse,2026-07-26T11:24:03Z,KXETH15M,KXETH15M-26JUL260730-30,ETH,NO,5,16.5,2026-07-26T11:30:00Z,"HTF bias is bearish (favor NO / down). This window: NO aligns with HTF. KalshiRules session: weekend. KalshiRules entry: NO mid≈19.5¢ → intended limit ~16.5¢ (−3¢ favorable); fill/paper 16.5¢; NEVER BUY >55¢; prefer ≤50¢ for ~2× payout. KalshiRules block/execute: minutes_left=5.9 — outside last-3m block. Model fair YES 56.7¢ vs mid 80.5¢ (edge -23.8¢); index may ≠ Coinbase chart (settlement risk). Trigger: wick-hunt after adverse excursion (excursion_pct=0.010609291617580396, mid_improvement=10.0, arm_side_mid=29.5, now_side_mid=19.5, arm_spot=1885.63, spot=1885.34). Gate=skipped_llm_no_trade. ICT none: Spot $1,885.75. Retest status (rolling 24h): NOT YET FILLED (supply 1,902.91-1,917.43). No valid H4 SFP in the recent window. No valid M5 SFP in the recent window. Nearest detected M5 OB: bearish M5 OB 1,863.95-1,866.97 (candle 2026-07-25T16:10, displacement 2026-07-25T16:15) | entry band 0.25-0.50: 1,865.46-1,866.22 | tranches @ 1,866.22 / 1,865.46 | add @ 1,864.80. No trade until LTF structure aligns with programmatic context.",closed,yes,0.0,-0.8250000000000001,2026-07-26T11:38:03Z,/opt/kalshi-15m-bot/charts/20260726T111651Z_ETH_USD_M5_marked.png
177,adverse,2026-07-26T11:38:04Z,KXETH15M,KXETH15M-26JUL260745-45,ETH,NO,5,30.5,2026-07-26T11:45:00Z,"HTF bias is bearish (favor NO / down). This window: NO aligns with HTF. KalshiRules session: weekend. KalshiRules entry: NO mid≈33.5¢ → intended limit ~30.5¢ (−3¢ favorable); fill/paper 30.5¢; NEVER BUY >55¢; prefer ≤50¢ for ~2× payout. KalshiRules block/execute: minutes_left=6.9 — outside last-3m block. Model fair YES 47.4¢ vs mid 66.5¢ (edge -19.1¢); index may ≠ Coinbase chart (settlement risk). Trigger: wick-hunt after adverse excursion (excursion_pct=-0.00424243388431611, mid_improvement=14.0, arm_side_mid=47.5, now_side_mid=33.5, arm_spot=1885.69, spot=1885.63). Gate=skipped_llm_no_trade. ICT none: Spot $1,885.69. Retest status (rolling 24h): NOT YET FILLED (supply 1,902.91-1,917.43). No valid H4 SFP in the recent window. No valid M5 SFP in the recent window. Nearest detected M5 OB: bearish M5 OB 1,863.95-1,866.97 (candle 2026-07-25T16:10, displacement 2026-07-25T16:15) | entry band 0.25-0.50: 1,865.46-1,866.22 | tranches @ 1,866.22 / 1,865.46 | add @ 1,864.80. No trade until LTF structure aligns with programmatic context.",closed,no,5.0,3.4750000000000005,2026-07-26T11:45:03Z,/opt/kalshi-15m-bot/charts/20260726T113403Z_ETH_USD_M5_marked.png
178,adverse,2026-07-26T11:51:03Z,KXETH15M,KXETH15M-26JUL260800-00,ETH,NO,5,27.0,2026-07-26T12:00:00Z,"HTF bias is bearish (favor NO / down). This window: NO aligns with HTF. KalshiRules session: weekend. KalshiRules entry: NO mid≈30.0¢ → intended limit ~27.0¢ (−3¢ favorable); fill/paper 27.0¢; NEVER BUY >55¢; prefer ≤50¢ for ~2× payout. KalshiRules block/execute: minutes_left=8.9 — outside last-3m block. Model fair YES 46.2¢ vs mid 70.0¢ (edge -23.8¢); index may ≠ Coinbase chart (settlement risk). Trigger: wick-hunt after adverse excursion (excursion_pct=-0.006365271080988055, mid_improvement=27.5, arm_side_mid=57.5, now_side_mid=30.0, arm_spot=1884.49, spot=1885.11). Gate=skipped_llm_no_trade. ICT none: Spot $1,884.53. Retest status (rolling 24h): NOT YET FILLED (supply 1,902.91-1,917.43). No valid H4 SFP in the recent window. No valid M5 SFP in the recent window. Nearest detected M5 OB: bearish M5 OB 1,863.95-1,866.97 (candle 2026-07-25T16:10, displacement 2026-07-25T16:15) | entry band 0.25-0.50: 1,865.46-1,866.22 | tranches @ 1,866.22 / 1,865.46 | add @ 1,864.80. No trade until LTF structure aligns with programmatic context.",closed,no,5.0,3.65,2026-07-26T12:08:03Z,/opt/kalshi-15m-bot/charts/20260726T114640Z_ETH_USD_M5_marked.png
182,adverse,2026-07-26T13:37:03Z,KXETH15M,KXETH15M-26JUL260945-45,ETH,NO,5,24.5,2026-07-26T13:45:00Z,"HTF bias is bearish (favor NO / down). This window: NO aligns with HTF. KalshiRules session: weekend. KalshiRules entry: NO mid≈27.5¢ → intended limit ~24.5¢ (−3¢ favorable); fill/paper 24.5¢; NEVER BUY >55¢; prefer ≤50¢ for ~2× payout. KalshiRules block/execute: minutes_left=7.9 — outside last-3m block. Model fair YES 50.5¢ vs mid 72.5¢ (edge -22.0¢); index may ≠ Coinbase chart (settlement risk). Trigger: wick-hunt after adverse excursion (excursion_pct=0.0010613007301651933, mid_improvement=28.5, arm_side_mid=56.0, now_side_mid=27.5, arm_spot=1883.44, spot=1884.5). Gate=skipped_llm_no_trade. ICT none: Spot $1,883.85. Retest status (rolling 24h): NOT YET FILLED (supply 1,902.91-1,917.43). No valid H4 SFP in the recent window. Recent valid M5 SFPs: 1 in snapshot window. No detected M5 OB in lookback — wait for M5 fib retest. No trade until LTF structure aligns with programmatic context.",closed,yes,0.0,-1.225,2026-07-26T13:51:03Z,/opt/kalshi-15m-bot/charts/20260726T133146Z_ETH_USD_M5_marked.png
184,adverse,2026-07-26T14:34:03Z,KXETH15M,KXETH15M-26JUL261045-45,ETH,NO,5,21.5,2026-07-26T14:45:00Z,"HTF bias is bearish (favor NO / down). This window: NO aligns with HTF. KalshiRules session: weekend. KalshiRules entry: NO mid≈24.5¢ → intended limit ~21.5¢ (−3¢ favorable); fill/paper 21.5¢; NEVER BUY >55¢; prefer ≤50¢ for ~2× payout. KalshiRules block/execute: minutes_left=10.9 — outside last-3m block. Model fair YES 62.8¢ vs mid 75.5¢ (edge -12.7¢); index may ≠ Coinbase chart (settlement risk). Trigger: wick-hunt after adverse excursion (excursion_pct=0.04863633239762244, mid_improvement=23.0, arm_side_mid=47.5, now_side_mid=24.5, arm_spot=1891.6, spot=1892.51). Gate=skipped_llm_no_trade. ICT none: KalshiRules session: US pre-market / early session window. Setup phase is bearish_retest_rejected — strongly favoring SHORT per decision rules. HTF bias is bearish; a NO (short) would align with HTF. However, KalshiRules entry gate cannot be satisfied — explained below.

On H4: Price has been trading inside and below the H4 BRKR (bearish breaker 1,888.38–1,917.43, active). The zone acted as supply — price rallied into it Jul 21–22 and was rejected, printing the bearish_retest_rejected setup phase. Monday High 1,917.43 caps the zone. The H4 OB (bullish, ~1,856–1,878 region visible on chart) sits below current spot as support. H4 macro structure is bearish from the 1,944 Prev Week High rejection downward; price is holding below 1,917.

On H1: The H1 chart confirms the rejection from the H4 BRKR zone. Price sold off sharply from ~1,900+ area into the 1,860–1,870 zone (H4 OB / Weekly Open 1,870.99 cluster), then recovered. The most recent H1 bars show a bounce back up toward ~1,885–1,891 — inside the lower portion of the H4 BRKR zone. Monday Mid 1,879.47 and Daily Open 1,873.01 are visible supports below. The current H1 leg is corrective-looking (slow grind up into supply), consistent with bear regime impulse-asymmetry.

On M5: The 24h range is 1,862.76–1,895.88, width ~1.8% (ranging=True). Spot is at 1,891.61, just 4.27 below the 24h high made 0 H1 bars ago — price is pressing the very top of the 24h range. The H4 BRKR zone (bearish supply 1,888.38–1,917.43) is overhead. A M5 bullish SFP at 1,885.41 (Jul 26 13:20, 1h ago) is noted as pending — this swept a local low and is not yet invalidated, providing a bullish M5 signal. However, Detected M5 order blocks: none in lookback window. There is NO valid M5 OB in the programmatic context from which to form an entry.

KalshiRules entry gate: Per decision rules, entry (order_block JSON) must reference an M5 OB from 'Detected M5 order blocks.' None exist this cycle. The bearish supply retest zone 1,902.91–1,917.43 has NOT YET BEEN FILLED (rolling 24h), meaning price has not yet reached the H4 BRKR fib 0.25–0.50 band (1,902.91–1,910.17) — so no short entry on a retest of that zone is available either. The pending M5 bullish SFP at 1,885.41 would favor a long, but without an M5 OB fib band to anchor entry, a YES trade also cannot be formed per rules.

KalshiRules never-chase / M5≥0.25% retrace: Spot is 4.27 below the 24h high printed this candle. Any long here would be chasing the top of the 24h range into bearish supply — KalshiRules 'never chase' and the M5≥0.25% likely-retrace rule both block this. A short would require price to rally further into the 1,902–1,910 retest zone first.

Decision: no_trade. No M5 OB is detected; spot is at the top of the 24h range inside bearish H4 BRKR supply; the short trigger requires a fill of the retest zone (not yet reached); a long would chase into supply. Wait for either (a) a rally into 1,902–1,910 with a fresh M5 bearish OB/SFP for a NO entry, or (b) a pullback to the H4 OB / Weekly Open cluster ~1,870–1,873 with a fresh M5 bullish OB for a YES entry.",closed,yes,0.0,-1.075,2026-07-26T14:52:03Z,/opt/kalshi-15m-bot/charts/20260726T143153Z_ETH_USD_M5_marked.png
185,adverse,2026-07-26T14:54:03Z,KXETH15M,KXETH15M-26JUL261100-00,ETH,NO,5,12.5,2026-07-26T15:00:00Z,"HTF bias is bearish (favor NO / down). This window: NO aligns with HTF. KalshiRules session: weekend. KalshiRules entry: NO mid≈15.5¢ → intended limit ~12.5¢ (−3¢ favorable); fill/paper 12.5¢; NEVER BUY >55¢; prefer ≤50¢ for ~2× payout. KalshiRules block/execute: minutes_left=5.9 — outside last-3m block. Model fair YES 71.6¢ vs mid 84.5¢ (edge -12.9¢); index may ≠ Coinbase chart (settlement risk). Trigger: wick-hunt after adverse excursion (excursion_pct=0.05752282442343937, mid_improvement=3.0, arm_side_mid=18.5, now_side_mid=15.5, arm_spot=1897.5, spot=1895.99). Gate=skipped_llm_no_trade. ICT none: KalshiRules session: US session, mid-afternoon window — valid trading hours with no last-3m block concern at decision time.

On H4: The dominant H4 structure is a bearish BRKR (breaker) spanning 1,888.38–1,917.43, labeled H4 BRKR on the chart, active and unmitigated. Price rallied from the H4 OB (green box ~1,858–1,880 as visible on chart) and has now pushed up into the lower edge of the H4 BRKR zone. HTF bias is bearish — setup phase is latched 'bearish_retest_rejected,' and the supply retest zone 1,902.91–1,917.43 has not yet been filled (rolling 24h). Current spot ~1,897.50 sits just below the retest zone, meaning price has approached but not yet tagged the fib 0.25–0.50 entry band of the H4 BRKR (1,902.91–1,910.17). H4 bias strongly favors SHORT / NO.

On H1: Price climbed from the H4 OB demand area (~1,858–1,880) through the Weekly Open (1,870.99), Daily Open (1,873.01), and Monday Mid (1,879.47), and is now pressing toward Monday High 1,917.43. The H1 chart shows price recently broke above Monday Mid with a strong green push, now consolidating just under the H4 BRKR supply zone. The bullish M5 SFP at 1,885.41 (~1h ago, pending) adds a LTF bullish signal, but it is counter-HTF and would favor a long — which conflicts with the dominant bearish H4 BRKR setup and the 'bearish_retest_rejected' latch.

On M5: The M5 chart shows price rallied sharply from the 24h low (1,862.76, made 22h ago) all the way to the 24h high (1,898.95, made 0h ago — just now). The 24h range is 1.9% wide (ranging=True). Price is at the very top of the 24h range and within 1.45 of the 24h high. Critically, Detected M5 order blocks: NONE in lookback window. There is no valid M5 OB available to anchor an entry per decision rules.

KalshiRules entry rule: No M5 OB is detected in the lookback window. Per rules, without a valid M5 OB fib entry (0.25–0.50 band), the default is no_trade. The bearish setup would ideally trigger a SHORT/NO at a retest of the H4 BRKR fib band (1,902.91–1,910.17), but price has not reached that zone AND there is no M5 OB to anchor the entry. The bullish M5 SFP at 1,885.41 (pending) could support a long, but price has already run ~12 points above that level — KalshiRules 'never chase' applies, and there is no M5 OB fib for a long entry either.

KalshiRules block/execute: Not in last-3m block. However, price just tagged the 24h high (0h ago), making this a high-retrace-risk moment per the M5 ≥0.25% rule — the recent impulse up is likely to retrace. No clean entry exists in either direction without an M5 OB. Skipping this window is the correct call.",closed,yes,0.0,-0.625,2026-07-26T15:03:03Z,/opt/kalshi-15m-bot/charts/20260726T144813Z_ETH_USD_M5_marked.png
186,adverse,2026-07-26T15:03:04Z,KXETH15M,KXETH15M-26JUL261115-15,ETH,NO,5,19.5,2026-07-26T15:15:00Z,"HTF bias is bearish (favor NO / down). This window: NO aligns with HTF. KalshiRules session: weekend. KalshiRules entry: NO mid≈22.5¢ → intended limit ~19.5¢ (−3¢ favorable); fill/paper 19.5¢; NEVER BUY >55¢; prefer ≤50¢ for ~2× payout. KalshiRules block/execute: minutes_left=11.9 — outside last-3m block. Model fair YES 39.0¢ vs mid 77.5¢ (edge -38.5¢); index may ≠ Coinbase chart (settlement risk). Trigger: wick-hunt after adverse excursion (excursion_pct=-0.03425993274511763, mid_improvement=27.5, arm_side_mid=50.0, now_side_mid=22.5, arm_spot=1897.44, spot=1896.61). Gate=skipped_llm_no_trade. ICT none: KalshiRules session: US session active. Setup state is bearish_retest_rejected — strongly favoring SHORT (NO ticket). HTF bias is bearish; a YES/long would fade that bias, which is not warranted here.

On H4: Active H4 BRKR (bearish breaker, 1,888.38–1,917.43) is unmitigated and overhead. Price has been below this zone since the July 23 breakdown. The breaker's supply retest zone (1,902.91–1,917.43) has NOT yet been filled. Monday High sits at 1,917.43, aligning exactly with the top of the BRKR. H4 structure is bearish — LH/LL sequence from the July 22 high (~1,950) down through the current range. Regime: mixed/bearish lean (H4 bearish, insufficient W1/monthly data here, but H4 LH/LL sequence dominates short-term read).

On H1: Price has been grinding from the H4 OB support (~1,855–1,875) upward over the past ~24h. The H1 chart shows a corrective/slow grind up from Monday Low 1,841.52, which in a bearish regime is the expected slow counter-leg. Price is now at 1,897.44 — pressing into the underside of the H4 BRKR (1,888.38–1,917.43). The 24h high of 1,898.95 was printed just 1 bar ago. This is a classical slow corrective bull leg into supply — bearish regime impulse asymmetry says do NOT chase the up-leg; look to short the supply retest.

On M5: Price is at the 24h high (1,898.95), pressing into the H4 BRKR pink zone visible on the M5 chart. A bullish M5 SFP was detected at 1,885.41 (2h ago, pending) — this provided the fuel for the current push. However, NO M5 OB is detected in the lookback window. Without a valid M5 OB fib band (0.25–0.50 entry tranche), a short entry here has no programmatic M5 trigger. The two bearish SFPs cited in context are live-invalidated (spot above swept levels) and must be excluded per rules.

KalshiRules entry rule: To take a NO (short) ticket at the H4 BRKR retest, I need either an M5 bearish OB fib retest or a fresh confirmed M5 bearish SFP reclaim. Neither is present — Detected M5 order blocks: none. The pending bullish SFP at 1,885.41 is not yet invalidated. Taking a NO here without an M5 trigger would be chasing the rejection at a round level, which violates 'never chase.'

KalshiRules block/execute: Not in the last-3-minute window, so block rule does not apply. The issue is absence of M5 OB/SFP trigger, not timing.

Conclusion: Strongly bearish HTF bias with price pressing into unmitigated H4 BRKR supply. However, no M5 OB fib entry exists. Waiting for either (a) a confirmed M5 bearish OB to form on a rejection candle from the 1,902–1,917 zone, or (b) a fresh M5 bearish SFP reclaim below a swept swing. No trade this window.",closed,yes,0.0,-0.9750000000000001,2026-07-26T15:22:03Z,/opt/kalshi-15m-bot/charts/20260726T150155Z_ETH_USD_M5_marked.png
187,adverse,2026-07-26T16:20:03Z,KXETH15M,KXETH15M-26JUL261230-30,ETH,NO,5,10.5,2026-07-26T16:30:00Z,"HTF bias is bearish (favor NO / down). This window: NO aligns with HTF. KalshiRules session: weekend. KalshiRules entry: NO mid≈13.5¢ → intended limit ~10.5¢ (−3¢ favorable); fill/paper 10.5¢; NEVER BUY >55¢; prefer ≤50¢ for ~2× payout. KalshiRules block/execute: minutes_left=9.9 — outside last-3m block. Model fair YES 76.2¢ vs mid 86.5¢ (edge -10.3¢); index may ≠ Coinbase chart (settlement risk). Trigger: wick-hunt after adverse excursion (excursion_pct=0.14615058224505262, mid_improvement=11.0, arm_side_mid=24.5, now_side_mid=13.5, arm_spot=1910.86, spot=1911.78). Gate=skipped_llm_no_trade. ICT none: Audit downgrade (INVALIDATED_SFP_CITED, KEY_LEVEL_MISMATCH): Spot $1,910.99. Primary H4 zone: bearish 1,888.38-1,917.43 (bias only). Retest status (rolling 24h): FILLED (1,915.83 reached supply 1,902.91-1,917.43). No valid H4 SFP in the recent window. Recent valid M5 SFPs: 1 in snapshot window. Nearest detected M5 OB: bearish M5 OB 1,910.95-1,914.65 (candle 2026-07-26T15:55, displacement 2026-07-26T16:05) | entry band 0.25-0.50: 1,912.80-1,913.73 | tranches @ 1,913.73 / 1,912.80 | add @ 1,911.99. No trade until LTF structure aligns with programmatic context.",closed,yes,0.0,-0.525,2026-07-26T16:30:03Z,/opt/kalshi-15m-bot/charts/20260726T161558Z_ETH_USD_M5_marked.png
188,adverse,2026-07-26T16:50:03Z,KXETH15M,KXETH15M-26JUL261300-00,ETH,NO,5,21.5,2026-07-26T17:00:00Z,"HTF bias is bearish (favor NO / down). This window: NO aligns with HTF. KalshiRules session: weekend. KalshiRules entry: NO mid≈24.5¢ → intended limit ~21.5¢ (−3¢ favorable); fill/paper 21.5¢; NEVER BUY >55¢; prefer ≤50¢ for ~2× payout. KalshiRules block/execute: minutes_left=9.9 — outside last-3m block. Model fair YES 63.9¢ vs mid 75.5¢ (edge -11.6¢); index may ≠ Coinbase chart (settlement risk). Trigger: wick-hunt after adverse excursion (excursion_pct=0.07144049059280011, mid_improvement=35.0, arm_side_mid=59.5, now_side_mid=24.5, arm_spot=1916.53, spot=1919.05). Gate=skipped_llm_no_trade. ICT none: Audit downgrade (INVALIDATED_SFP_CITED, M5_OB_MISLABEL): Spot $1,916.53. Primary H4 zone: bearish 1,888.38-1,917.43 (bias only). Retest status (rolling 24h): FILLED (1,926.12 reached supply 1,902.91-1,917.43). No valid H4 SFP in the recent window. Recent valid M5 SFPs: 1 in snapshot window. Nearest detected M5 OB: bearish M5 OB 1,910.95-1,914.65 (candle 2026-07-26T15:55, displacement 2026-07-26T16:05) | entry band 0.25-0.50: 1,912.80-1,913.73 | tranches @ 1,913.73 / 1,912.80 | add @ 1,911.99. No trade until LTF structure aligns with programmatic context.",closed,no,5.0,3.9250000000000003,2026-07-26T17:05:03Z,/opt/kalshi-15m-bot/charts/20260726T164603Z_ETH_USD_M5_marked.png
190,adverse,2026-07-26T17:35:03Z,KXETH15M,KXETH15M-26JUL261345-45,ETH,NO,5,23.5,2026-07-26T17:45:00Z,"HTF bias is bearish (favor NO / down). This window: NO aligns with HTF. KalshiRules session: weekend. KalshiRules entry: NO mid≈26.5¢ → intended limit ~23.5¢ (−3¢ favorable); fill/paper 23.5¢; NEVER BUY >55¢; prefer ≤50¢ for ~2× payout. KalshiRules block/execute: minutes_left=9.9 — outside last-3m block. Model fair YES 60.9¢ vs mid 73.5¢ (edge -12.6¢); index may ≠ Coinbase chart (settlement risk). Trigger: wick-hunt after adverse excursion (excursion_pct=0.035545519173685314, mid_improvement=11.0, arm_side_mid=37.5, now_side_mid=26.5, arm_spot=1913.58, spot=1913.72). Gate=pass_fib. ICT short: KalshiRules session: US regular hours (~4–5pm ET window), high-liquidity period, no last-3m block applies. HTF bias is BEARISH — this NO trade aligns with HTF bias.

On H4: The dominant structure is a bearish H4 BRKR zone (1,888.38–1,917.43, active, labeled on chart). Price rallied into and through this breaker today, tagging the 24h high at 1,926.12 (~1h ago per programmatic context). The H4 BRKR defines supply overhead. A separate H4 OB (bullish, 1,860–1,885 zone per chart) sits well below current price. Regime is mixed/bear-leaning given ETH remains below Prev Week High (1,944.82) and the dominant H4 structure is a bearish breaker zone — no confirmed bull regime.

On H1: Price spiked to Monday High (1,917.43) and the 24h high (1,926.12) on the most recent H1 bar, with visible selling pressure (large red bar on H1 chart). The H4 BRKR zone (pink shaded, 1,888–1,917) is visible on H1 and price is now retesting into it from above after tagging the high. The bearish_retest_filled setup phase confirms the supply zone was tagged and rejected — H1 structure supports NO/short bias.

On M5: Bearish M5 OB 1,910.95–1,914.65 (candle 2026-07-26T15:55, displacement 2026-07-26T16:05) detected programmatically. Entry fib band 0.25–0.50: 1,912.80–1,913.73. Spot at 1,913.68 is INSIDE the fib band per programmatic context ('spot IN fib'). This is a valid M5 OB short entry. The M5 OB does NOT overlap an H4 OB (confirmed: 'no H4 OB overlap' in context) — it sits within the H4 BRKR zone, which is bearish supply. The recent M5 impulse up was ≥0.25% (24h range tagged at 1,926.12), consistent with KalshiRules retrace expectation on M5 candles ≥0.25%.

KalshiRules entry: Bearish M5 OB fib 0.25–0.50 entry band (1,912.80–1,913.73) with spot currently inside the band. Setup phase bearish_retest_filled confirms supply was reached. Intended entry limit ~1,913.73 (top of fib band / 0.25 tranche). NEVER >55¢ and ≤50¢ preferred — engine prices fair value separately. No last-3m block (early in the window). KalshiRules: M5 ≥0.25% move likely to retrace — the spike to 1,926.12 justifies fade/short. ICT: price inside H4 BRKR bearish supply + M5 bearish OB fib retest = short trigger. TP1 at 1,902.91 (bottom of supply retest zone / H4 BRKR fib 0.25 anchor), TP2 ~1,893, TP3 at Monday Mid 1,879.47. SL above 24h high 1,926.12. R/R ~1.1 to TP1, improves materially to TP2/TP3. Risk note: Kalshi settlement uses multi-exchange index, not Coinbase chart — price may freeze 15–30s before expiry.",closed,no,5.0,3.825,2026-07-26T17:53:03Z,/opt/kalshi-15m-bot/charts/20260726T173235Z_ETH_USD_M5_marked.png
191,adverse,2026-07-26T17:54:03Z,KXETH15M,KXETH15M-26JUL261400-00,ETH,NO,5,16.5,2026-07-26T18:00:00Z,"HTF bias is bearish (favor NO / down). This window: NO aligns with HTF. KalshiRules session: weekend. KalshiRules entry: NO mid≈19.5¢ → intended limit ~16.5¢ (−3¢ favorable); fill/paper 16.5¢; NEVER BUY >55¢; prefer ≤50¢ for ~2× payout. KalshiRules block/execute: minutes_left=5.9 — outside last-3m block. Model fair YES 58.4¢ vs mid 80.5¢ (edge -22.1¢); index may ≠ Coinbase chart (settlement risk). Trigger: wick-hunt after adverse excursion (excursion_pct=0.019362502681952165, mid_improvement=17.0, arm_side_mid=36.5, now_side_mid=19.5, arm_spot=1911.12, spot=1911.28). Gate=skipped_llm_no_trade. ICT none: Audit downgrade (CONTEXT_CONFLICT_UNACKNOWLEDGED, M5_OB_MISLABEL): Spot $1,910.94. Primary H4 zone: bearish 1,888.38-1,917.43 (bias only). Retest status (rolling 24h): FILLED (1,926.12 reached supply 1,902.91-1,917.43). No valid H4 SFP in the recent window. No valid M5 SFP in the recent window. Nearest detected M5 OB: bullish M5 OB 1,907.15-1,911.71 (candle 2026-07-26T16:05, displacement 2026-07-26T16:30) | entry band 0.25-0.50: 1,908.29-1,909.43 | tranches @ 1,908.29 / 1,909.43 | add @ 1,910.42. No trade until LTF structure aligns with programmatic context.",closed,no,5.0,4.175,2026-07-26T18:07:03Z,/opt/kalshi-15m-bot/charts/20260726T174826Z_ETH_USD_M5_marked.png
192,adverse,2026-07-26T18:09:03Z,KXETH15M,KXETH15M-26JUL261415-15,ETH,NO,5,27.5,2026-07-26T18:15:00Z,"HTF bias is bearish (favor NO / down). This window: NO aligns with HTF. KalshiRules session: weekend. KalshiRules entry: NO mid≈30.5¢ → intended limit ~27.5¢ (−3¢ favorable); fill/paper 27.5¢; NEVER BUY >55¢; prefer ≤50¢ for ~2× payout. KalshiRules block/execute: minutes_left=5.9 — outside last-3m block. Model fair YES 49.8¢ vs mid 69.5¢ (edge -19.7¢); index may ≠ Coinbase chart (settlement risk). Trigger: wick-hunt after adverse excursion (excursion_pct=-0.0005234204479398485, mid_improvement=16.0, arm_side_mid=46.5, now_side_mid=30.5, arm_spot=1910.23, spot=1910.5). Gate=skipped_llm_no_trade. ICT none: Audit downgrade (INVALIDATED_SFP_CITED, M5_OB_MISLABEL): Spot $1,910.20. Primary H4 zone: bearish 1,888.38-1,917.43 (bias only). Retest status (rolling 24h): FILLED (1,926.12 reached supply 1,902.91-1,917.43). No valid H4 SFP in the recent window. No valid M5 SFP in the recent window. Nearest detected M5 OB: bullish M5 OB 1,907.15-1,911.71 (candle 2026-07-26T16:05, displacement 2026-07-26T16:30) | entry band 0.25-0.50: 1,908.29-1,909.43 | tranches @ 1,908.29 / 1,909.43 | add @ 1,910.42. No trade until LTF structure aligns with programmatic context.",closed,yes,0.0,-1.375,2026-07-26T18:22:03Z,/opt/kalshi-15m-bot/charts/20260726T180246Z_ETH_USD_M5_marked.png
194,adverse,2026-07-26T18:22:05Z,KXETH15M,KXETH15M-26JUL261430-30,ETH,NO,5,12.5,2026-07-26T18:30:00Z,"HTF bias is bearish (favor NO / down). This window: NO aligns with HTF. KalshiRules session: weekend. KalshiRules entry: NO mid≈15.5¢ → intended limit ~12.5¢ (−3¢ favorable); fill/paper 12.5¢; NEVER BUY >55¢; prefer ≤50¢ for ~2× payout. KalshiRules block/execute: minutes_left=7.9 — outside last-3m block. Model fair YES 67.0¢ vs mid 84.5¢ (edge -17.5¢); index may ≠ Coinbase chart (settlement risk). Trigger: wick-hunt after adverse excursion (excursion_pct=0.043943166837556724, mid_improvement=19.0, arm_side_mid=34.5, now_side_mid=15.5, arm_spot=1912.1, spot=1912.4). Gate=pass_fib. ICT short: HTF bias is BEARISH and this SHORT aligns with it. Regime: mixed/bear — H4 structure shows a sequence of LH/LL from the Jul-22 peak (~1,944 Prev Week High), price has been unable to reclaim Prev Week High 1,944.82, and the active H4 BRKR (bearish breaker 1,888.38–1,917.43) caps price from above. Monthly and Weekly opens sit below spot, reinforcing supply overhead. NO counter-HTF conflict — SHORT aligns with HTF bearish bias.

On H4: The H4 chart shows a clear bearish breaker (H4 BRKR, pink/red box) spanning 1,888.38–1,917.43, active and unmitigated, projected from the Jul-20 16:00 candle. Price peaked near Prev Week High 1,944.82 then rolled over, creating a LH below that level. The H4 OB (green bullish block ~1,860–1,880) sits below as potential support, but price has now rallied back into the H4 BRKR supply zone — a classic bearish retest entry per ICT trade-off-breaker structure. The Prev Quarter Mid 1,985.75 is well above all recent price action and irrelevant to this window.

On H1: The H1 chart confirms price has wicked up to Monday High 1,917.43 (the top of the H4 BRKR zone) and is struggling to close above it. The most recent H1 candles show rejection wicks near the Monday High / 24h high 1,926.12 region. The H4 BRKR is clearly projected on H1 as a pink zone capping price. Weekly Open 1,870.99 and Daily Open 1,873.01 are the nearest supports below, with Monday Mid 1,879.47 as first meaningful target.

On M5: Setup phase is bearish_retest_filled — the 24h high 1,926.12 was tagged 2 hours ago, confirming the retest of the bearish supply zone (1,902.91–1,917.43) is complete. Spot 1,912.18 is currently inside the bearish M5 OB 1,910.95–1,914.65 (candle 2026-07-26T15:55). The M5 OB fib entry band 0.25–0.50 is 1,912.80–1,913.73; spot is just below the band (context alert: 'spot outside fib'). Entry is targeted at 1,912.80 (fib 0.25 tranche), the more favorable limit within the band, consistent with KalshiRules ~3¢ favorable limit preference. No valid M5 SFPs are listed in Recent M5 SFPs — entry is based solely on M5 OB fib retest within the active H4 BRKR supply. The 24h range is 1,865.90–1,926.12 (3.2%, ranging=True); spot is near the top of this range, providing additional bearish fade rationale per KalshiRules 'fade near range highs in ranging conditions'.

KalshiRules firing: (1) SESSION — US hours (active, largest volatility window, not last 3 minutes of the 15m window at decision time); (2) ENTRY RULE — bearish M5 OB fib 0.25 tranche at 1,912.80, inside the 1,912.80–1,913.73 band; entry ≤50¢ side targeted (NO/short), never >55¢; limit bid ~3¢ more favorable than mid per KalshiRules; (3) BLOCK/EXECUTE — not in last-3m block window; M5 ≥0.25% impulse up already completed (24h high tagged 2h ago), retrace phase now in play per 'M5 ≥0.25% likely retraces' rule — favors NO; (4) ICT — bearish M5 OB 1,910.95–1,914.65 fib 0.25 entry at 1,912.80, H4 BRKR 1,888.38–1,917.43 as structural supply context; setup phase bearish_retest_filled confirms supply has been retested and is expected to reject. (5) RISK NOTE — Kalshi settlement index may differ from Coinbase spot; price may freeze ~15–30s before expiry. Model fair value is a proxy filter only.",closed,yes,0.0,-0.625,2026-07-26T18:35:03Z,/opt/kalshi-15m-bot/charts/20260726T181816Z_ETH_USD_M5_marked.png
196,adverse,2026-07-26T18:40:03Z,KXETH15M,KXETH15M-26JUL261445-45,ETH,NO,5,12.5,2026-07-26T18:45:00Z,"HTF bias is bearish (favor NO / down). This window: NO aligns with HTF. KalshiRules session: weekend. KalshiRules entry: NO mid≈15.5¢ → intended limit ~12.5¢ (−3¢ favorable); fill/paper 12.5¢; NEVER BUY >55¢; prefer ≤50¢ for ~2× payout. KalshiRules block/execute: minutes_left=4.9 — outside last-3m block. Model fair YES 56.2¢ vs mid 84.5¢ (edge -28.3¢); index may ≠ Coinbase chart (settlement risk). Trigger: wick-hunt after adverse excursion (excursion_pct=0.006799803328760845, mid_improvement=20.0, arm_side_mid=35.5, now_side_mid=15.5, arm_spot=1912.28, spot=1911.95). Gate=pass_fib. ICT short: KalshiRules session: US session, mid-afternoon (approx 17:00 ET). Active trading window — no open/close volatility block. Not last-3-minutes window. NO (short/spot_sell) aligns with HTF bearish bias.

On H4: The dominant active zone is the H4 bearish BRKR (1,888.38–1,917.43), still unmitigated and extending to the right edge of the chart. Price rallied into this zone from below and has been capping price near Monday High 1,917.43. H4 structure is bearish: the breaker originated from a bullish candle before a bearish MSB, and price is now retesting it from below. HTF bias is BEARISH. This NO trade aligns with HTF bias — no counter-trend conflict.

On H1: H1 shows a sharp rally from the Weekly Open / Daily Open cluster (~1,870–1,873) up into the H4 BRKR / Monday High zone (1,917.43) over the last ~2 hours. The 24h high of 1,926.12 was tagged 2 H1 bars ago, confirming the bearish supply retest zone (1,902.91–1,917.43) has been FILLED per setup phase 'bearish_retest_filled'. Price is now stalling at Monday High 1,917.43, which confluences with the top of the H4 BRKR. H1 momentum looks exhausted at supply.

On M5: The bearish M5 OB 1,910.95–1,914.65 (candle 2026-07-26T15:55, displacement 2026-07-26T16:05) is the primary entry vehicle. The 0.25–0.50 fib entry band is 1,912.80–1,913.73. Spot is at 1,912.13 — just below the entry band but within the M5 OB body. The programmatic context flags 'price inside bearish M5 OB but below entry band — wait for fib retest.' Current spot is within ~0.08% of the 1,912.80 lower tranche, well within the OB range (1,910.95–1,914.65). The M5 OB does NOT overlap an H4 OB per programmatic context ('no H4 OB overlap'). Target entry at the 0.25 fib tranche (1,912.80) or on any 1–2 tick lift into 1,913.73. No valid M5 SFPs cited (Recent M5 SFPs: none; invalidated SFP excluded per rules).

KalshiRules entry rule: NO ticket preferred ≤50¢ with ~3¢ favorable limit. NEVER BUY >55¢. This is a NO (short) — bid NO ~3¢ more favorable than mid. Engine prices fair value separately; intended limit is slightly more favorable than current mid. Not last-3m block — execute window is open. Retest zone FILLED confirms supply has been tagged; bearish setup phase active. Supply zone 1,902.91–1,917.43 caps upside; Monday High 1,917.43 is hard resistance. SL above 24h high / above H4 BRKR top at ~1,926.50. TP1 at H4 fib sweet spot top 1,910.17, TP2 at 1,902.91 (retest zone low / H4 fib 0.25), TP3 at H4 BRKR low 1,888.38. Risk note: Kalshi settlement index may differ from Coinbase chart; price may freeze 15–30s before expiry. Model fair is proxy only.",closed,yes,0.0,-0.625,2026-07-26T18:51:03Z,/opt/kalshi-15m-bot/charts/20260726T183146Z_ETH_USD_M5_marked.png
199,adverse,2026-07-26T18:52:03Z,KXETH15M,KXETH15M-26JUL261500-00,ETH,NO,5,28.5,2026-07-26T19:00:00Z,"HTF bias is bearish (favor NO / down). This window: NO aligns with HTF. KalshiRules session: weekend. KalshiRules entry: NO mid≈31.5¢ → intended limit ~28.5¢ (−3¢ favorable); fill/paper 28.5¢; NEVER BUY >55¢; prefer ≤50¢ for ~2× payout. KalshiRules block/execute: minutes_left=7.9 — outside last-3m block. Model fair YES 59.6¢ vs mid 68.5¢ (edge -8.9¢); index may ≠ Coinbase chart (settlement risk). Trigger: wick-hunt after adverse excursion (excursion_pct=0.014641900937073515, mid_improvement=24.5, arm_side_mid=56.0, now_side_mid=31.5, arm_spot=1911.76, spot=1912.6). Gate=pass_fib. ICT short: KalshiRules session: US afternoon session (active hours, ~4:55pm ET at candle open based on chart timestamps ~16:55 ET). Full volatility window applies; not in last-3-minute block.

HTF bias (H4): Bearish. On H4, price is inside an active H4 bearish BRKR zone (1,888.38–1,917.43). The prior bullish H4 OB was mitigated, reclassifying as a bearish breaker. Structure shows LH/LL sequence from the ~1,944 area. HTF regime is mixed/bearish at the intermediate level — the H4 BRKR is actively capping price. This NO (spot_sell) trade ALIGNS with HTF bearish bias.

On H1: Price rallied sharply from ~1,865 lows over the past 24h, tagging Monday High at 1,917.43 and the 24h high at 1,926.12 approximately 2 bars ago. H1 shows the H4 BRKR zone projected onto it — price has entered and is now stalling inside that supply zone. The rally from lows appears impulsive and corrective in character against the broader bearish structure; the retest of Monday High / H4 BRKR confluence is the textbook short trigger. Retest status: FILLED — the 24h high already tagged 1,926.12, completing the bearish retest of the supply zone (1,902.91–1,917.43). Setup phase: bearish_retest_filled (latched).

On M5: Bearish M5 OB detected at 1,910.95–1,914.65 (candle 2026-07-26T15:55, displacement 2026-07-26T16:05). Entry band 0.25–0.50 fib: 1,912.80–1,913.73. This M5 OB does NOT overlap an H4 OB per programmatic context ('no H4 OB overlap' confirmed). Spot at 1,911.75 is currently just below the entry band — within ~2 points of the 0.25 tranche at 1,912.80. Intended entry: limit at 1,913.73 (0.50 tranche, top of fib band), ~3¢ favorable adjustment applied to the Kalshi NO ticket. The M5 OB is the trigger; H4 bearish BRKR is HTF context confirming direction. 24h range 1,865.90–1,926.12 (3.2%, ranging=True); spot is 14.37 below the 24h high, deep inside the supply retest zone. No recent M5 or H4 SFPs to cite. Bullish M5 OBs at 1,907.15–1,911.71 exist below spot — these represent demand that could limit downside short-term, acknowledged as conflict; however the bearish M5 OB above plus H4 BRKR supply takes precedence for this 15m window given bearish_retest_filled setup phase.

KalshiRules entry rule: desired side is NO (short). Check contract price — engine prices fair value separately; proceeding with limit approach ~3¢ favorable to mid. NEVER BUY >55¢ rule does not apply (this is a NO purchase). Not last 3 minutes — execute window is open. M5 OB fib 0.25–0.50 band (1,912.80–1,913.73) provides the required M5 entry gate. ICT confluence: bearish M5 OB retest at Monday High (1,917.43) and H4 bearish BRKR (1,888.38–1,917.43) supply zone; 24h high tagged 2h ago confirming supply absorption. TP1 at H4 BRKR fib sweet spot lower bound 1,902.91; TP2 at H4 BRKR low 1,888.38; TP3 at Daily Open 1,873.01. SL above Monday High / 24h spike at 1,927.00. Risk note: Kalshi settlement index may differ from Coinbase spot; price may freeze 15–30s before expiry.",closed,yes,0.0,-1.4249999999999998,2026-07-26T19:07:04Z,/opt/kalshi-15m-bot/charts/20260726T184650Z_ETH_USD_M5_marked.png
201,adverse,2026-07-26T19:21:03Z,KXETH15M,KXETH15M-26JUL261530-30,ETH,NO,5,28.5,2026-07-26T19:30:00Z,"HTF bias is bearish (favor NO / down). This window: NO aligns with HTF. KalshiRules session: weekend. KalshiRules entry: NO mid≈31.5¢ → intended limit ~28.5¢ (−3¢ favorable); fill/paper 28.5¢; NEVER BUY >55¢; prefer ≤50¢ for ~2× payout. KalshiRules block/execute: minutes_left=8.9 — outside last-3m block. Model fair YES 57.1¢ vs mid 68.5¢ (edge -11.4¢); index may ≠ Coinbase chart (settlement risk). Trigger: wick-hunt after adverse excursion (excursion_pct=0.012033883229478626, mid_improvement=13.0, arm_side_mid=44.5, now_side_mid=31.5, arm_spot=1910.92, spot=1911.5). Gate=pass_fib. ICT short: HTF bias is BEARISH — this is a NO (short) trade aligned with HTF. On H4: price is inside the active bearish H4 BRKR zone 1,888.38–1,917.43. The H4 structure shows a clear bearish MSB with price printing LH/LL from the 1,944 high. The setup phase is bearish_retest_filled — the retest zone 1,902.91–1,917.43 has already been tagged (24h high 1,926.12 reached ~3h ago), confirming supply was retested and the short trigger is live. Monday High 1,917.43 sits at the top of the BRKR, reinforcing resistance. HTF regime: mixed/bearish on intermediate TF with price rejecting from the BRKR after filling the retest zone.

On H1: price spiked into the H4 BRKR (pink zone 1,888–1,917 visible on H1), tagged Monday High 1,917.43 and the 24h high 1,926.12 as a wick, then pulled back. The H1 candles show rejection wicks from the supply zone with selling pressure emerging. No H1 bullish SFP is listed in programmatic context. The Daily Open at 1,873.01 and Weekly Open at 1,870.99 are downside draws.

On M5: two M5 OBs are detected. The bearish M5 OB is 1,910.95–1,914.65 (candle 2026-07-26T15:55, displacement 2026-07-26T16:05); entry band 0.25–0.50 is 1,912.80–1,913.73; tranches at 1,913.73 (0.25) and 1,912.80 (0.50). Spot is at 1,910.92, just below the fib band — price approached from below and is now outside the band to the downside. The alert also flags two bullish M5 OBs at 1,907.15–1,911.71 (entry band 1,908.29–1,909.43), with spot currently above their entry band. CONTEXT CONFLICT ACKNOWLEDGED: there is a bullish M5 OB below spot (1,907.15–1,911.71), which is long-side structure. However, the bearish M5 OB above (1,910.95–1,914.65) sits directly inside the H4 bearish BRKR supply zone with the retest FILLED, and the setup phase is bearish_retest_filled — M5 bearish OB within confirmed HTF supply takes precedence for a short. The bullish M5 OB below is treated as a corrective bounce structure in a bearish regime, consistent with impulse-asymmetry rules (slow corrective up into supply → short). No M5 or H4 SFPs are listed in the recent window. The bearish M5 OB does NOT overlap an H4 OB per programmatic context ('no H4 OB overlap' listed for both M5 OBs).

KalshiRules session: US session active (afternoon ET), largest size and volatility window — execute eligible. Entry rule: bearish M5 OB fib tranche at 1,912.80 (0.50) is the intended short entry; spot is at 1,910.92, slightly below the 0.50 tranche — the engine should bid the NO ticket when price retests into 1,912–1,914 range. Per KalshiRules ≤50¢ preferred with ~3¢ favorable limit; NEVER BUY >55¢ applies to YES side — NO ticket entry rule: seek ≤50¢, aim ~3¢ more favorable than mid. Block/execute: not within last 3 minutes — no block applies. ICT: bearish M5 OB retest into H4 bearish BRKR supply after retest FILLED; downside draws are Daily Open 1,873.01 and H4 BRKR low 1,888.38. Risk note: Kalshi index may differ from Coinbase spot; freeze near expiry acknowledged. SL placed above the 24h high / BRKR top at 1,926.50.",closed,yes,0.0,-1.4249999999999998,2026-07-26T19:30:04Z,/opt/kalshi-15m-bot/charts/20260726T191734Z_ETH_USD_M5_marked.png
202,adverse,2026-07-26T19:33:03Z,KXETH15M,KXETH15M-26JUL261545-45,ETH,NO,5,24.5,2026-07-26T19:45:00Z,"HTF bias is bearish (favor NO / down). This window: NO aligns with HTF. KalshiRules session: weekend. KalshiRules entry: NO mid≈27.5¢ → intended limit ~24.5¢ (−3¢ favorable); fill/paper 24.5¢; NEVER BUY >55¢; prefer ≤50¢ for ~2× payout. KalshiRules block/execute: minutes_left=11.9 — outside last-3m block. Model fair YES 63.0¢ vs mid 72.5¢ (edge -9.5¢); index may ≠ Coinbase chart (settlement risk). Trigger: wick-hunt after adverse excursion (excursion_pct=0.026666248372575474, mid_improvement=18.0, arm_side_mid=45.5, now_side_mid=27.5, arm_spot=1912.7, spot=1913.04). Gate=pass_fib. ICT short: KalshiRules session: US regular hours, mid-session (~4:50–5:10pm ET range based on chart timestamps). No last-3m block applies. NO (spot_sell) aligns with HTF bearish bias — this is a with-HTF trade.

On H4: Structure is clearly bearish. The H4 BRKR (bearish breaker, pink/red box) spans roughly 1,888–1,917 and is active and unmitigated on the right edge of the H4 chart. Price rallied from the Weekly Open (~1,871) up into this bearish BRKR zone, tagging Monday High at 1,917.43 — a textbook bearish retest of a breaker. HTF bias is BEARISH. Setup phase is 'bearish_retest_filled': the 24h high of 1,926.12 reached the supply retest zone 1,902.91–1,917.43 approximately 3 H1 bars ago, confirming the retest is complete. Regime: mixed-to-bearish (H4 shows LH/LL structure since Jul 22 peak; weekly still recovering from lows, so mixed regime — standard H4/M5 rules apply, no impulse-asymmetry override).

On H1: The H1 chart confirms price aggressively rallied from ~1,870 (Weekly Open / Daily Open cluster) up through the H4 BRKR zone, with the most recent H1 candles showing a sharp spike to ~1,920+ followed by a bearish rejection back below Monday High 1,917.43. The H4 BRKR (pink box) is clearly visible on H1, and price is now inside or just below the lower boundary. H1 shows a corrective/topping structure after the impulsive up-leg — consistent with bearish breaker rejection.

On M5: Two M5 OBs are detected. The bearish M5 OB at 1,910.95–1,914.65 (candle 2026-07-26T15:55, displacement 2026-07-26T16:05) has an entry band 0.25–0.50 at 1,912.80–1,913.73. Spot is currently 1,912.46 — just below the lower fib tranche at 1,912.80. The alert confirms price is inside the bearish M5 OB but below the entry band. Entry at 1,912.80 (the 0.25 fib tranche) is valid as a limit sell, targeting a ~3¢ favorable improvement: intended limit at approximately 1,912.80 (the fib lower band). The M5 OB does NOT overlap an H4 OB per programmatic context ('no H4 OB overlap'). There is also a bullish M5 OB below at 1,907.15–1,911.71 (entry band 1,908.29–1,909.43) — this is acknowledged as a conflicting structure below spot, but the bearish M5 OB above is the active trigger given spot is retesting it from below.

KalshiRules entry: NO side. Engine prices fair value separately — do not invent ¢ edge. If NO is priced ≤50¢, bid ~3¢ more favorable than mid. NEVER BUY YES >55¢. This is a NO (short) so the cap applies to the YES side; NO at ≤50¢ is the target. Not last-3m window, so no block applies. Not chasing — entry is at the fib band edge, not mid-impulse. M5 candle that displaced was >0.25% (the spike to 1,926 was large); KalshiRules retrace-likely rule supports a fade/short from the M5 OB retest rather than chasing the up-move.

Risk note: Kalshi settlement index may differ from Coinbase spot; price may freeze 15–30s before expiry. Model fair value is a proxy. The bearish M5 OB (1,910.95–1,914.65) fib 0.25 tranche at 1,912.80 is the trigger. SL above 1,926.50 (above 24h high / supply zone top). TP1 at 1,902.91 (bottom of supply retest zone / H4 BRKR fib sweet spot low), TP2 at 1,888.38 (H4 BRKR bottom), TP3 at 1,873.01 (Daily Open). R/R approximately 1.5× to TP1.",closed,yes,0.0,-1.225,2026-07-26T19:51:03Z,/opt/kalshi-15m-bot/charts/20260726T193147Z_ETH_USD_M5_marked.png
205,adverse,2026-07-26T20:53:03Z,KXETH15M,KXETH15M-26JUL261700-00,ETH,NO,5,36.5,2026-07-26T21:00:00Z,"HTF bias is bearish (favor NO / down). This window: NO aligns with HTF. KalshiRules session: weekend. KalshiRules entry: NO mid≈39.5¢ → intended limit ~36.5¢ (−3¢ favorable); fill/paper 36.5¢; NEVER BUY >55¢; prefer ≤50¢ for ~2× payout. KalshiRules block/execute: minutes_left=6.9 — outside last-3m block. Model fair YES 43.8¢ vs mid 60.5¢ (edge -16.7¢); index may ≠ Coinbase chart (settlement risk). Trigger: wick-hunt after adverse excursion (excursion_pct=-0.0067997677617670504, mid_improvement=12.5, arm_side_mid=52.0, now_side_mid=39.5, arm_spot=1911.28, spot=1911.7). Gate=skipped_llm_no_trade. ICT none: Audit downgrade (CONTEXT_CONFLICT_UNACKNOWLEDGED, M5_OB_MISLABEL): Spot $1,911.28. Primary H4 zone: bearish 1,888.38-1,917.43 (bias only). Retest status (rolling 24h): FILLED (1,926.12 reached supply 1,902.91-1,917.43). No valid H4 SFP in the recent window. No valid M5 SFP in the recent window. Nearest detected M5 OB: bullish M5 OB 1,907.15-1,911.71 (candle 2026-07-26T16:05, displacement 2026-07-26T16:30) | entry band 0.25-0.50: 1,908.29-1,909.43 | tranches @ 1,908.29 / 1,909.43 | add @ 1,910.42. No trade until LTF structure aligns with programmatic context.",closed,yes,0.0,-1.825,2026-07-26T21:07:03Z,/opt/kalshi-15m-bot/charts/20260726T204553Z_ETH_USD_M5_marked.png
207,adverse,2026-07-26T21:08:03Z,KXETH15M,KXETH15M-26JUL261715-15,ETH,NO,5,17.5,2026-07-26T21:15:00Z,"HTF bias is bearish (favor NO / down). This window: NO aligns with HTF. KalshiRules session: weekend. KalshiRules entry: NO mid≈20.5¢ → intended limit ~17.5¢ (−3¢ favorable); fill/paper 17.5¢; NEVER BUY >55¢; prefer ≤50¢ for ~2× payout. KalshiRules block/execute: minutes_left=6.9 — outside last-3m block. Model fair YES 52.3¢ vs mid 79.5¢ (edge -27.2¢); index may ≠ Coinbase chart (settlement risk). Trigger: wick-hunt after adverse excursion (excursion_pct=0.003660781524561507, mid_improvement=3.5, arm_side_mid=24.0, now_side_mid=20.5, arm_spot=1913.65, spot=1912.23). Gate=skipped_llm_no_trade. ICT none: Audit downgrade (M5_OB_MISLABEL): Spot $1,913.68. Primary H4 zone: bearish 1,888.38-1,917.43 (bias only). Retest status (rolling 24h): FILLED (1,926.12 reached supply 1,902.91-1,917.43). No valid H4 SFP in the recent window. No valid M5 SFP in the recent window. Nearest detected M5 OB: bearish M5 OB 1,910.95-1,914.65 (candle 2026-07-26T15:55, displacement 2026-07-26T16:05) | entry band 0.25-0.50: 1,912.80-1,913.73 | tranches @ 1,913.73 / 1,912.80 | add @ 1,911.99. No trade until LTF structure aligns with programmatic context.",closed,yes,0.0,-0.875,2026-07-26T21:20:03Z,/opt/kalshi-15m-bot/charts/20260726T210231Z_ETH_USD_M5_marked.png
208,adverse,2026-07-26T23:24:03Z,KXETH15M,KXETH15M-26JUL261930-30,ETH,YES,5,14.0,2026-07-26T23:30:00Z,"HTF bias is bullish (favor YES / up). This window: YES aligns with HTF. KalshiRules session: weekend. KalshiRules entry: YES mid≈17.0¢ → intended limit ~14.0¢ (−3¢ favorable); fill/paper 14.0¢; NEVER BUY >55¢; prefer ≤50¢ for ~2× payout. KalshiRules block/execute: minutes_left=5.9 — outside last-3m block. Model fair YES 26.9¢ vs mid 17.0¢ (edge +9.9¢); index may ≠ Coinbase chart (settlement risk). Trigger: wick-hunt after adverse excursion (excursion_pct=0.14309222293767965, mid_improvement=30.5, arm_side_mid=47.5, now_side_mid=17.0, arm_spot=1957.66, spot=1953.98). Gate=skipped_llm_no_trade. ICT none: Spot $1,957.83. No valid H4 SFP in the recent window. No valid M5 SFP in the recent window. Nearest detected M5 OB: bullish M5 OB 1,923.49-1,926.49 (candle 2026-07-26T21:55, displacement 2026-07-26T22:00) | entry band 0.25-0.50: 1,924.24-1,924.99 | tranches @ 1,924.24 / 1,924.99 | add @ 1,925.64. No trade until LTF structure aligns with programmatic context.",closed,no,0.0,-0.7000000000000001,2026-07-26T23:38:03Z,/opt/kalshi-15m-bot/charts/20260726T231601Z_ETH_USD_M5_marked.png
209,adverse,2026-07-26T23:38:04Z,KXBTC15M,KXBTC15M-26JUL261945-45,BTC,NO,5,24.5,2026-07-26T23:45:00Z,"HTF bias is bearish (favor NO / down). This window: NO aligns with HTF. KalshiRules session: weekend. KalshiRules entry: NO mid≈27.5¢ → intended limit ~24.5¢ (−3¢ favorable); fill/paper 24.5¢; NEVER BUY >55¢; prefer ≤50¢ for ~2× payout. KalshiRules block/execute: minutes_left=6.9 — outside last-3m block. Model fair YES 62.9¢ vs mid 72.5¢ (edge -9.6¢); index may ≠ Coinbase chart (settlement risk). Trigger: wick-hunt after adverse excursion (excursion_pct=0.033671617170560886, mid_improvement=22.0, arm_side_mid=49.5, now_side_mid=27.5, arm_spot=65275.31, spot=65299.51). Gate=skipped_llm_no_trade. ICT none: Audit downgrade (M5_OB_MISLABEL): Spot $65,275.31. Primary H4 zone: bearish 64,986.60-65,756.09 (bias only). Retest status (rolling 24h): FILLED (65,511.36 reached supply 65,371.35-65,756.09). No valid H4 SFP in the recent window. No valid M5 SFP in the recent window. Nearest detected M5 OB: bearish M5 OB 65,362.18-65,511.36 (candle 2026-07-26T23:05, displacement 2026-07-26T23:15) | entry band 0.25-0.50: 65,436.77-65,474.07 | tranches @ 65,474.07 / 65,436.77 | add @ 65,404.25. No trade until LTF structure aligns with programmatic context.",closed,yes,0.0,-1.225,2026-07-26T23:49:03Z,/opt/kalshi-15m-bot/charts/20260726T233003Z_BTC_USD_M5_marked.png
210,adverse,2026-07-26T23:39:03Z,KXETH15M,KXETH15M-26JUL261945-45,ETH,YES,5,13.0,2026-07-26T23:45:00Z,"HTF bias is bullish (favor YES / up). This window: YES aligns with HTF. KalshiRules session: weekend. KalshiRules entry: YES mid≈16.0¢ → intended limit ~13.0¢ (−3¢ favorable); fill/paper 13.0¢; NEVER BUY >55¢; prefer ≤50¢ for ~2× payout. KalshiRules block/execute: minutes_left=5.9 — outside last-3m block. Model fair YES 27.3¢ vs mid 16.0¢ (edge +11.3¢); index may ≠ Coinbase chart (settlement risk). Trigger: wick-hunt after adverse excursion (excursion_pct=0.1367862906324513, mid_improvement=20.5, arm_side_mid=36.5, now_side_mid=16.0, arm_spot=1951.31, spot=1949.28). Gate=skipped_llm_no_trade. ICT none: Spot $1,950.69. Recent valid H4 SFPs: 1 in snapshot window. No valid M5 SFP in the recent window. Nearest detected M5 OB: bullish M5 OB 1,923.49-1,926.49 (candle 2026-07-26T21:55, displacement 2026-07-26T22:00) | entry band 0.25-0.50: 1,924.24-1,924.99 | tranches @ 1,924.24 / 1,924.99 | add @ 1,925.64. No trade until LTF structure aligns with programmatic context.",closed,yes,5.0,4.35,2026-07-26T23:49:04Z,/opt/kalshi-15m-bot/charts/20260726T233414Z_ETH_USD_M5_marked.png
213,adverse,2026-07-26T23:56:03Z,KXETH15M,KXETH15M-26JUL262000-00,ETH,YES,5,20.5,2026-07-27T00:00:00Z,"HTF bias is bullish (favor YES / up). This window: YES aligns with HTF. KalshiRules session: weekend. KalshiRules entry: YES mid≈23.5¢ → intended limit ~20.5¢ (−3¢ favorable); fill/paper 20.5¢; NEVER BUY >55¢; prefer ≤50¢ for ~2× payout. KalshiRules block/execute: minutes_left=3.9 — outside last-3m block. Model fair YES 33.4¢ vs mid 23.5¢ (edge +9.9¢); index may ≠ Coinbase chart (settlement risk). Trigger: wick-hunt after adverse excursion (excursion_pct=0.08041920431087757, mid_improvement=49.5, arm_side_mid=73.0, now_side_mid=23.5, arm_spot=1955.21, spot=1950.7). Gate=skipped_llm_no_trade. ICT none: KalshiRules session: US session, ~8pm ET — late US / early evening hours, moderate volatility expected.

On H4: Structure shows a strong impulsive bullish leg from the 1,841 Monday Low area up through Prev Week High (1,944.82) and into the 24h high at 1,965.01. The H4 BRKR (bearish breaker, pink zone ~1,900–1,920) was swept on the way up. There is a pending H4 bearish SFP at 1,955.87 (printed ~4h ago at the 2026-07-26T20:00 bar) — this is still listed as 'pending' (not confirmed reversal yet). HTF bias is mixed: the impulse up is bullish but price has now tagged the 24h high and is sitting just below Prev Quarter Mid (1,985.75), with a pending H4 bearish SFP. Regime: mixed — weekly structure has been recovering but the H4 SFP at the high introduces near-term bearish risk.

On H1: Price spiked aggressively from ~1,880 (Weekly Open / Monday Mid confluence) all the way to 1,965 in recent bars, blowing through Prev Week High (1,944.82). The move is impulsive and extended. Price is now consolidating just under the 24h high. The H4 BRKR (pink box ~1,900–1,920) is well below current price — no H1 bullish OB near spot. The H4 bearish SFP at 1,955.87 aligns with the current consolidation zone, suggesting potential distribution.

On M5: Spot is at 1,955.12, approximately 9.89 below the 24h high (1,965.01). All four detected M5 OBs are far below current price: bearish M5 OB 1,910.95–1,914.65 (entry band 1,912.80–1,913.73), bullish M5 OBs at 1,907.15–1,911.71 (entry band 1,908.29–1,909.43), and bullish M5 OB at 1,923.49–1,926.49 (entry band 1,924.24–1,924.99). None of these fib entry bands are near the current spot of 1,955. There is no M5 OB with an entry band within reach of current price. No recent M5 SFPs are listed in programmatic context.

KalshiRules entry rule: No valid M5 OB fib tranche (0.25–0.50) is accessible at current spot (~1,955). Spot is outside all detected M5 OB fib bands. KalshiRules 'never chase' applies — the recent M5 impulse from ~1,880 to ~1,965 (>4.5%) is a large extended move; chasing YES here violates the M5 ≥0.25% retrace rule and the never-chase rule. The H4 bearish SFP at 1,955.87 (pending) further discourages a fresh YES at the highs.

KalshiRules block/execute: Not in the last-3m window, but no executable entry exists. Waiting for price to either retrace to the bullish M5 OB at 1,923.49–1,926.49 (entry band 1,924.24–1,924.99) for a potential YES retest, or for a fresh M5 bearish OB/SFP to form near current levels for a NO entry. Neither condition is met right now.

Risk note: Kalshi settlement index may differ from Coinbase spot; price near recent high may freeze or gap near expiry. Model fair value is proxy only.",closed,yes,5.0,3.975,2026-07-27T00:03:03Z,/opt/kalshi-15m-bot/charts/20260726T234656Z_ETH_USD_M5_marked.png
214,adverse,2026-07-27T00:55:03Z,KXETH15M,KXETH15M-26JUL262100-00,ETH,YES,5,24.5,2026-07-27T01:00:00Z,"HTF bias is bullish (favor YES / up). This window: YES aligns with HTF. KalshiRules session: weekend. KalshiRules entry: YES mid≈27.5¢ → intended limit ~24.5¢ (−3¢ favorable); fill/paper 24.5¢; NEVER BUY >55¢; prefer ≤50¢ for ~2× payout. KalshiRules block/execute: minutes_left=4.9 — outside last-3m block. Model fair YES 39.9¢ vs mid 27.5¢ (edge +12.4¢); index may ≠ Coinbase chart (settlement risk). Trigger: wick-hunt after adverse excursion (excursion_pct=0.02370278765394529, mid_improvement=27.5, arm_side_mid=55.0, now_side_mid=27.5, arm_spot=1941.59, spot=1940.24). Gate=skipped_llm_no_trade. ICT none: KalshiRules session: Early Asia session (~1–2am ET). Low-volume window; KalshiRules require stringency during Asia ranging conditions.

On H4: Price has rallied sharply off the bullish H4 OB (green box, approximately 1,855–1,880 per chart — lower bound near 1,855, upper near 1,880 per visible chart overlay) and has now pushed into the H4 BRKR zone (pink/brown box visible on H4, spanning roughly 1,900–1,930). The H4 bearish SFP at 1,955.87 (programmatic context, 5h ago, pending) signals HTF caution — price swept near the 24h high of 1,965.01 (Prev Week High) and the SFP formed at 1,955.87. H4 bias is cautiously bearish from the pending SFP at 1,955.87 (not at the Prev Week High level of 1,965.01 — these are distinct levels). Spot at 1,941.20 is below the Weekly Open/Daily Open cluster at 1,953.12 and below Monday High 1,953.59, trading between Monday Low 1,938.86 and Monday Mid 1,946.22.

On H1: Price spiked to the 24h high (~1,965) approximately 1H bar ago, then pulled back sharply. The H4 BRKR zone (pink, ~1,900–1,930) acted as resistance and price has retracted. Current price ~1,941 is inside a congested zone between Monday Low 1,938.86 and Monday Mid 1,946.22. The H4 OB (green, ~1,855–1,880) is well below and provides longer-term support. H1 structure shows a failed push above 1,953 (Weekly Open/Daily Open) with rejection, consistent with the H4 SFP at 1,955.87.

On M5: Two bearish M5 OBs are detected in programmatic context: (1) bearish M5 OB 1,950.47–1,954.05 with fib entry band 1,952.26–1,953.15, and (2) bearish M5 OB 1,941.63–1,945.43 with fib entry band 1,943.53–1,944.48. Current spot 1,941.20 is outside the fib band of both bearish M5 OBs (spot is below the lower bound of OB #2 at 1,941.63). The bullish M5 OB 1,923.49–1,926.49 (fib band 1,924.24–1,924.99) is well below current price. No valid M5 fib entry band is being touched at spot right now. KalshiRules: M5 ≥0.25% retrace rule — the recent M5 spike from ~1,920 to 1,965 was impulsive; price is now retracing, making a chase of either side risky without a confirmed fib retest.

KalshiRules entry rule: Spot is outside all M5 OB fib bands (0.25–0.50). The bearish M5 OB #2 (1,941.63–1,945.43, fib 1,943.53–1,944.48) is the closest potential short entry, but spot at 1,941.20 has already traded through the lower bound without a confirmed fib retest from inside the band. No fresh M5 SFP is listed in programmatic context (Recent M5 SFPs: none). Cannot form a valid M5 OB fib entry for either direction without price returning to a fib tranche. KalshiRules: never chase; no clean setup. Returning no_trade.",closed,yes,5.0,3.775,2026-07-27T01:09:03Z,/opt/kalshi-15m-bot/charts/20260727T004848Z_ETH_USD_M5_marked.png
217,adverse,2026-07-27T02:21:03Z,KXETH15M,KXETH15M-26JUL262230-30,ETH,NO,5,34.5,2026-07-27T02:30:00Z,"HTF bias is bullish (favor YES / up). This window: NO fades HTF (counter-structure). KalshiRules session: weekend. KalshiRules entry: NO mid≈37.5¢ → intended limit ~34.5¢ (−3¢ favorable); fill/paper 34.5¢; NEVER BUY >55¢; prefer ≤50¢ for ~2× payout. KalshiRules block/execute: minutes_left=8.9 — outside last-3m block. Model fair YES 52.1¢ vs mid 62.5¢ (edge -10.4¢); index may ≠ Coinbase chart (settlement risk). Trigger: wick-hunt after adverse excursion (excursion_pct=0.006169507210618264, mid_improvement=16.0, arm_side_mid=53.5, now_side_mid=37.5, arm_spot=1944.48, spot=1945.17). Gate=pass_fib. ICT short: KalshiRules session: Early Asia session (approx 02:30 ET). Low-volume window; KalshiRules Asia session applies — bias sticky trends, stringent on noise. This is NOT the last 3 minutes of the window, so the block rule does not apply. HTF bias is MIXED-to-BULLISH: H4 shows a bullish OB (green box ~1,855–1,885) that has been respected and price has rallied from it, printing HH/HL structure off the July lows. However, the recent H4 bearish SFP at 1,955.87 (6h ago, still pending) signals near-term exhaustion at the Weekly Open / Daily Open cluster (1,953.12). This trade fades the near-term HTF bull by shorting into a bearish M5 OB — the HTF conflict is acknowledged: H4 intermediate bias is bullish from the OB, but the pending H4 bearish SFP at 1,955.87 combined with rejection at Weekly Open / Daily Open 1,953.12 justifies the counter-HTF short at M5 scale. M5 OB takes precedence per decision rules.

On H4: Structure is bullish HH/HL off the July lows. Price rallied from the H4 bullish OB (~1,855–1,885, green box) through the H4 bearish breaker zone (~1,895–1,925, pink BRKR box). A bearish H4 SFP printed at 1,955.87 six hours ago (still pending, not invalidated), rejecting at the Prev Week High 1,965.01 / Weekly Open 1,953.12 cluster. This pending bearish SFP is a meaningful HTF exhaustion signal even within the broader bull structure. The H4 BRKR (pink) sits below current price and represents the supply zone from which bearish displacement originated.

On H1: Price spiked to Monday High 1,953.59 / Weekly Open 1,953.12 and has since been chopping and pulling back. The H1 view shows the bearish SFP wick clearly above the Monday High / Weekly Open confluence. Price is now drifting back below Monday Mid 1,943.95, confirming near-term bearish momentum. The H4 BRKR box (pink, ~1,895–1,925) is visible below as the next meaningful demand zone. No bullish M5 SFP has been confirmed near current price (the M5 bullish SFP at 1,937.64 is 1h old and pending — it is below current price, not blocking the short here).

On M5: Two bearish M5 OBs are detected. The primary entry is the bearish M5 OB 1,941.63–1,945.43 (candle 2026-07-27T00:25, displacement confirmed 00:35 and 00:40). Programmatic context confirms spot is IN the fib entry band 1,943.53–1,944.48 with alerts active. Entry at 1,943.89 (spot) sits inside this band. The bearish M5 OBs do NOT overlap an H4 OB (programmatic context confirms 'no H4 OB overlap'). A higher bearish M5 OB exists at 1,950.47–1,954.05 (entry band 1,952.26–1,953.15) near the Weekly Open — that is the HTF confluence zone where the H4 SFP printed. The 24h range is 1,876.80–1,965.01 (4.6% wide, ranging=True); spot at 1,943.89 is ~21 below 24h high, consistent with mean-reversion short opportunity inside a ranging market.

KalshiRules entry: Spot is inside the bearish M5 OB fib band (1,943.53–1,944.48) — valid short trigger. KalshiRules: never chase; M5 fib entry is confirmed in-band, not a chase. The NO (short) ticket should be bid at ≤50¢ with ~3¢ favorable limit (e.g. if mid is 48¢, bid ~45¢); NEVER BUY YES above 55¢. Not last 3 minutes — execute block does not apply. ICT trigger: price is retesting the bearish M5 OB at 1,941.63–1,945.43 after displacement, with the H4 pending bearish SFP at 1,955.87 as HTF confluence. TP1 = Monday Low 1,934.32; TP2 = ~1,920 (prior swing / H4 BRKR zone entry); TP3 = Prev Week Mid 1,903.26. SL above the bearish M5 OB high and just above Monday High / Weekly Open cluster at ~1,955. HTF conflict acknowledged: H4 overall bias is bullish but the pending H4 bearish SFP and Weekly Open rejection justify this counter-HTF M5 short. Risk note: Kalshi index may differ from Coinbase; Asia session = lower liquidity, size is effectively constrained by engine guardrails.",closed,no,5.0,3.2750000000000004,2026-07-27T02:30:03Z,/opt/kalshi-15m-bot/charts/20260727T021605Z_ETH_USD_M5_marked.png
219,adverse,2026-07-27T02:41:03Z,KXBTC15M,KXBTC15M-26JUL262245-45,BTC,NO,5,5.849999999999994,2026-07-27T02:45:00Z,"HTF bias is bearish (favor NO / down). This window: NO aligns with HTF. KalshiRules session: weekend. KalshiRules entry: NO mid≈8.8¢ → intended limit ~5.8¢ (−3¢ favorable); fill/paper 5.8¢; NEVER BUY >55¢; prefer ≤50¢ for ~2× payout. KalshiRules block/execute: minutes_left=3.9 — outside last-3m block. Model fair YES 80.6¢ vs mid 91.2¢ (edge -10.6¢); index may ≠ Coinbase chart (settlement risk). Trigger: wick-hunt after adverse excursion (excursion_pct=0.05791164942265947, mid_improvement=52.650000000000006, arm_side_mid=61.5, now_side_mid=8.8, arm_spot=65121.59, spot=65171.42). Gate=skipped_llm_no_trade. ICT none: api_error: Error code: 400 - {'type': 'error', 'error': {'type': 'invalid_request_error', 'message': 'Your credit balance is too low to access the Anthropic API. Please go to Plans & Billing to upgrade or purchase credits.'}, 'request_id': 'req_011CdRn1zGtH7gyD9emc3azG'}",closed,yes,0.0,-0.2924999999999997,2026-07-27T02:46:04Z,/opt/kalshi-15m-bot/charts/20260727T023103Z_BTC_USD_M5_marked.png
221,adverse,2026-07-27T03:10:03Z,KXBTC15M,KXBTC15M-26JUL262315-15,BTC,NO,5,18.5,2026-07-27T03:15:00Z,"HTF bias is bearish (favor NO / down). This window: NO aligns with HTF. KalshiRules session: weekend. KalshiRules entry: NO mid≈21.5¢ → intended limit ~18.5¢ (−3¢ favorable); fill/paper 18.5¢; NEVER BUY >55¢; prefer ≤50¢ for ~2× payout. KalshiRules block/execute: minutes_left=4.9 — outside last-3m block. Model fair YES 69.8¢ vs mid 78.5¢ (edge -8.7¢); index may ≠ Coinbase chart (settlement risk). Trigger: wick-hunt after adverse excursion (excursion_pct=0.03413619682228752, mid_improvement=10.0, arm_side_mid=31.5, now_side_mid=21.5, arm_spot=65158.91, spot=65143.72). Gate=skipped_llm_no_trade. ICT none: api_error: Error code: 400 - {'type': 'error', 'error': {'type': 'invalid_request_error', 'message': 'Your credit balance is too low to access the Anthropic API. Please go to Plans & Billing to upgrade or purchase credits.'}, 'request_id': 'req_011CdRpJgAR8UqXw5iydNtRb'}",closed,yes,0.0,-0.925,2026-07-27T03:16:03Z,/opt/kalshi-15m-bot/charts/20260727T030103Z_BTC_USD_M5_marked.png
222,adverse,2026-07-27T03:21:03Z,KXETH15M,KXETH15M-26JUL262330-30,ETH,YES,5,36.5,2026-07-27T03:30:00Z,"HTF bias is bullish (favor YES / up). This window: YES aligns with HTF. KalshiRules session: weekend. KalshiRules entry: YES mid≈39.5¢ → intended limit ~36.5¢ (−3¢ favorable); fill/paper 36.5¢; NEVER BUY >55¢; prefer ≤50¢ for ~2× payout. KalshiRules block/execute: minutes_left=8.9 — outside last-3m block. Model fair YES 51.7¢ vs mid 39.5¢ (edge +12.2¢); index may ≠ Coinbase chart (settlement risk). Trigger: wick-hunt after adverse excursion (excursion_pct=-0.004630749203760054, mid_improvement=24.0, arm_side_mid=63.5, now_side_mid=39.5, arm_spot=1943.92, spot=1943.62). Gate=skipped_llm_no_trade. ICT none: api_error: Error code: 400 - {'type': 'error', 'error': {'type': 'invalid_request_error', 'message': 'Your credit balance is too low to access the Anthropic API. Please go to Plans & Billing to upgrade or purchase credits.'}, 'request_id': 'req_011CdRqTj5AC8Hdt6t3zh9Yk'}",closed,yes,5.0,3.175,2026-07-27T03:31:03Z,/opt/kalshi-15m-bot/charts/20260727T031612Z_ETH_USD_M5_marked.png
228,adverse,2026-07-27T04:37:03Z,KXBTC15M,KXBTC15M-26JUL270045-45,BTC,NO,5,32.5,2026-07-27T04:45:00Z,"HTF bias is bearish (favor NO / down). This window: NO aligns with HTF. KalshiRules session: asia. KalshiRules entry: NO mid≈35.5¢ → intended limit ~32.5¢ (−3¢ favorable); fill/paper 32.5¢; NEVER BUY >55¢; prefer ≤50¢ for ~2× payout. KalshiRules block/execute: minutes_left=7.9 — outside last-3m block. Model fair YES 52.3¢ vs mid 64.5¢ (edge -12.2¢); index may ≠ Coinbase chart (settlement risk). Trigger: wick-hunt after adverse excursion (excursion_pct=0.004934061327022121, mid_improvement=28.0, arm_side_mid=63.5, now_side_mid=35.5, arm_spot=65238.12, spot=65263.86). Gate=skipped_llm_no_trade. ICT none: api_error: Error code: 400 - {'type': 'error', 'error': {'type': 'invalid_request_error', 'message': 'Your credit balance is too low to access the Anthropic API. Please go to Plans & Billing to upgrade or purchase credits.'}, 'request_id': 'req_011CdRwAmTzouQ9Ws7m5MYBK'}",closed,yes,0.0,-1.625,2026-07-27T04:46:03Z,/opt/kalshi-15m-bot/charts/20260727T043104Z_BTC_USD_M5_marked.png
229,adverse,2026-07-27T04:54:03Z,KXETH15M,KXETH15M-26JUL270100-00,ETH,YES,5,4.95,2026-07-27T05:00:00Z,"HTF bias is bullish (favor YES / up). This window: YES aligns with HTF. KalshiRules session: asia. KalshiRules entry: YES mid≈8.0¢ → intended limit ~5.0¢ (−3¢ favorable); fill/paper 5.0¢; NEVER BUY >55¢; prefer ≤50¢ for ~2× payout. KalshiRules block/execute: minutes_left=5.9 — outside last-3m block. Model fair YES 16.4¢ vs mid 8.0¢ (edge +8.4¢); index may ≠ Coinbase chart (settlement risk). Trigger: wick-hunt after adverse excursion (excursion_pct=0.15488659540860983, mid_improvement=16.55, arm_side_mid=24.5, now_side_mid=8.0, arm_spot=1953.58, spot=1953.24). Gate=skipped_llm_no_trade. ICT none: api_error: Error code: 400 - {'type': 'error', 'error': {'type': 'invalid_request_error', 'message': 'Your credit balance is too low to access the Anthropic API. Please go to Plans & Billing to upgrade or purchase credits.'}, 'request_id': 'req_011CdRxKotiezw9gynSTbmZy'}",closed,no,0.0,-0.2475,2026-07-27T05:00:03Z,/opt/kalshi-15m-bot/charts/20260727T044613Z_ETH_USD_M5_marked.png
230,adverse,2026-07-27T05:09:03Z,KXBTC15M,KXBTC15M-26JUL270115-15,BTC,NO,5,30.5,2026-07-27T05:15:00Z,"HTF bias is bearish (favor NO / down). This window: NO aligns with HTF. KalshiRules session: asia. KalshiRules entry: NO mid≈33.5¢ → intended limit ~30.5¢ (−3¢ favorable); fill/paper 30.5¢; NEVER BUY >55¢; prefer ≤50¢ for ~2× payout. KalshiRules block/execute: minutes_left=5.9 — outside last-3m block. Model fair YES 54.5¢ vs mid 66.5¢ (edge -12.0¢); index may ≠ Coinbase chart (settlement risk). Trigger: wick-hunt after adverse excursion (excursion_pct=0.007526571018412476, mid_improvement=18.0, arm_side_mid=51.5, now_side_mid=33.5, arm_spot=65224.98, spot=65240.46). Gate=skipped_llm_no_trade. ICT none: api_error: Error code: 400 - {'type': 'error', 'error': {'type': 'invalid_request_error', 'message': 'Your credit balance is too low to access the Anthropic API. Please go to Plans & Billing to upgrade or purchase credits.'}, 'request_id': 'req_011CdRyTQYs38PnAzesm8Jmq'}",closed,yes,0.0,-1.525,2026-07-27T05:16:03Z,/opt/kalshi-15m-bot/charts/20260727T050103Z_BTC_USD_M5_marked.png
231,adverse,2026-07-27T05:24:03Z,KXBTC15M,KXBTC15M-26JUL270130-30,BTC,NO,5,13.5,2026-07-27T05:30:00Z,"HTF bias is bearish (favor NO / down). This window: NO aligns with HTF. KalshiRules session: asia. KalshiRules entry: NO mid≈16.5¢ → intended limit ~13.5¢ (−3¢ favorable); fill/paper 13.5¢; NEVER BUY >55¢; prefer ≤50¢ for ~2× payout. KalshiRules block/execute: minutes_left=5.9 — outside last-3m block. Model fair YES 61.8¢ vs mid 83.5¢ (edge -21.7¢); index may ≠ Coinbase chart (settlement risk). Trigger: wick-hunt after adverse excursion (excursion_pct=0.019822819202874875, mid_improvement=57.0, arm_side_mid=73.5, now_side_mid=16.5, arm_spot=65294.45, spot=65341.7). Gate=skipped_llm_no_trade. ICT none: api_error: Error code: 400 - {'type': 'error', 'error': {'type': 'invalid_request_error', 'message': 'Your credit balance is too low to access the Anthropic API. Please go to Plans & Billing to upgrade or purchase credits.'}, 'request_id': 'req_011CdRzbp5ZHpBbr75V4BX7g'}",closed,yes,0.0,-0.675,2026-07-27T05:30:03Z,/opt/kalshi-15m-bot/charts/20260727T051604Z_BTC_USD_M5_marked.png
235,adverse,2026-07-27T07:25:03Z,KXBTC15M,KXBTC15M-26JUL270330-30,BTC,NO,5,20.5,2026-07-27T07:30:00Z,"HTF bias is bearish (favor NO / down). This window: NO aligns with HTF. KalshiRules session: asia. KalshiRules entry: NO mid≈23.5¢ → intended limit ~20.5¢ (−3¢ favorable); fill/paper 20.5¢; NEVER BUY >55¢; prefer ≤50¢ for ~2× payout. KalshiRules block/execute: minutes_left=4.9 — outside last-3m block. Model fair YES 63.0¢ vs mid 76.5¢ (edge -13.5¢); index may ≠ Coinbase chart (settlement risk). Trigger: wick-hunt after adverse excursion (excursion_pct=0.016888235523571105, mid_improvement=33.0, arm_side_mid=56.5, now_side_mid=23.5, arm_spot=65349.32, spot=65381.99). Gate=skipped_llm_no_trade. ICT none: api_error: Error code: 400 - {'type': 'error', 'error': {'type': 'invalid_request_error', 'message': 'Your credit balance is too low to access the Anthropic API. Please go to Plans & Billing to upgrade or purchase credits.'}, 'request_id': 'req_011CdS9kVomEsXEKDGwMdNiD'}",closed,no,5.0,3.975,2026-07-27T07:30:03Z,/opt/kalshi-15m-bot/charts/20260727T071603Z_BTC_USD_M5_marked.png
236,adverse,2026-07-27T07:51:03Z,KXBTC15M,KXBTC15M-26JUL270400-00,BTC,NO,5,25.5,2026-07-27T08:00:00Z,"HTF bias is bearish (favor NO / down). This window: NO aligns with HTF. KalshiRules session: asia. KalshiRules entry: NO mid≈28.5¢ → intended limit ~25.5¢ (−3¢ favorable); fill/paper 25.5¢; NEVER BUY >55¢; prefer ≤50¢ for ~2× payout. KalshiRules block/execute: minutes_left=8.9 — outside last-3m block. Model fair YES 55.8¢ vs mid 71.5¢ (edge -15.7¢); index may ≠ Coinbase chart (settlement risk). Trigger: wick-hunt after adverse excursion (excursion_pct=0.010854627106771098, mid_improvement=10.0, arm_side_mid=38.5, now_side_mid=28.5, arm_spot=65245.01, spot=65232.72). Gate=skipped_llm_no_trade. ICT none: api_error: Error code: 400 - {'type': 'error', 'error': {'type': 'invalid_request_error', 'message': 'Your credit balance is too low to access the Anthropic API. Please go to Plans & Billing to upgrade or purchase credits.'}, 'request_id': 'req_011CdSC3BBY6r8SuZCkn7qwZ'}",closed,no,5.0,3.725,2026-07-27T08:01:03Z,/opt/kalshi-15m-bot/charts/20260727T074603Z_BTC_USD_M5_marked.png
237,adverse,2026-07-27T07:55:03Z,KXETH15M,KXETH15M-26JUL270400-00,ETH,YES,5,28.5,2026-07-27T08:00:00Z,"HTF bias is bullish (favor YES / up). This window: YES aligns with HTF. KalshiRules session: asia. KalshiRules entry: YES mid≈31.5¢ → intended limit ~28.5¢ (−3¢ favorable); fill/paper 28.5¢; NEVER BUY >55¢; prefer ≤50¢ for ~2× payout. KalshiRules block/execute: minutes_left=4.9 — outside last-3m block. Model fair YES 44.5¢ vs mid 31.5¢ (edge +13.0¢); index may ≠ Coinbase chart (settlement risk). Trigger: wick-hunt after adverse excursion (excursion_pct=0.014759396391583746, mid_improvement=25.5, arm_side_mid=57.0, now_side_mid=31.5, arm_spot=1965.24, spot=1964.56). Gate=skipped_llm_no_trade. ICT none: api_error: Error code: 400 - {'type': 'error', 'error': {'type': 'invalid_request_error', 'message': 'Your credit balance is too low to access the Anthropic API. Please go to Plans & Billing to upgrade or purchase credits.'}, 'request_id': 'req_011CdSC3sPVjg9BcFhQvQj5G'}",closed,no,0.0,-1.4249999999999998,2026-07-27T08:01:04Z,/opt/kalshi-15m-bot/charts/20260727T074612Z_ETH_USD_M5_marked.png
238,adverse,2026-07-27T08:24:03Z,KXBTC15M,KXBTC15M-26JUL270430-30,BTC,NO,5,12.5,2026-07-27T08:30:00Z,"HTF bias is bearish (favor NO / down). This window: NO aligns with HTF. KalshiRules session: us_off_hours. KalshiRules entry: NO mid≈15.5¢ → intended limit ~12.5¢ (−3¢ favorable); fill/paper 12.5¢; NEVER BUY >55¢; prefer ≤50¢ for ~2× payout. KalshiRules block/execute: minutes_left=5.9 — outside last-3m block. Model fair YES 75.7¢ vs mid 84.5¢ (edge -8.8¢); index may ≠ Coinbase chart (settlement risk). Trigger: wick-hunt after adverse excursion (excursion_pct=0.05391048250342756, mid_improvement=43.0, arm_side_mid=58.5, now_side_mid=15.5, arm_spot=65118.32, spot=65180.15). Gate=skipped_llm_no_trade. ICT none: api_error: Error code: 400 - {'type': 'error', 'error': {'type': 'invalid_request_error', 'message': 'Your credit balance is too low to access the Anthropic API. Please go to Plans & Billing to upgrade or purchase credits.'}, 'request_id': 'req_011CdSEKrS8B6LJSUnLQvKEs'}",closed,yes,0.0,-0.625,2026-07-27T08:30:03Z,/opt/kalshi-15m-bot/charts/20260727T081603Z_BTC_USD_M5_marked.png
239,adverse,2026-07-27T08:32:03Z,KXETH15M,KXETH15M-26JUL270445-45,ETH,YES,5,33.0,2026-07-27T08:45:00Z,"HTF bias is bullish (favor YES / up). This window: YES aligns with HTF. KalshiRules session: us_off_hours. KalshiRules entry: YES mid≈36.0¢ → intended limit ~33.0¢ (−3¢ favorable); fill/paper 33.0¢; NEVER BUY >55¢; prefer ≤50¢ for ~2× payout. KalshiRules block/execute: minutes_left=12.9 — outside last-3m block. Model fair YES 44.2¢ vs mid 36.0¢ (edge +8.2¢); index may ≠ Coinbase chart (settlement risk). Trigger: wick-hunt after adverse excursion (excursion_pct=0.02949882513301194, mid_improvement=10.0, arm_side_mid=46.0, now_side_mid=36.0, arm_spot=1966.48, spot=1965.6). Gate=skipped_llm_no_trade. ICT none: api_error: Error code: 400 - {'type': 'error', 'error': {'type': 'invalid_request_error', 'message': 'Your credit balance is too low to access the Anthropic API. Please go to Plans & Billing to upgrade or purchase credits.'}, 'request_id': 'req_011CdSFUibxCVbXPQ8u5pp5L'}",closed,no,0.0,-1.6500000000000001,2026-07-27T08:46:03Z,/opt/kalshi-15m-bot/charts/20260727T083110Z_ETH_USD_M5_marked.png
242,adverse,2026-07-27T09:20:03Z,KXBTC15M,KXBTC15M-26JUL270530-30,BTC,NO,5,34.5,2026-07-27T09:30:00Z,"HTF bias is bearish (favor NO / down). This window: NO aligns with HTF. KalshiRules session: us_off_hours. KalshiRules entry: NO mid≈37.5¢ → intended limit ~34.5¢ (−3¢ favorable); fill/paper 34.5¢; NEVER BUY >55¢; prefer ≤50¢ for ~2× payout. KalshiRules block/execute: minutes_left=9.9 — outside last-3m block. Model fair YES 48.8¢ vs mid 62.5¢ (edge -13.7¢); index may ≠ Coinbase chart (settlement risk). Trigger: wick-hunt after adverse excursion (excursion_pct=-0.0017211024214258686, mid_improvement=16.0, arm_side_mid=53.5, now_side_mid=37.5, arm_spot=65059.63, spot=65073.45). Gate=skipped_llm_no_trade. ICT none: api_error: Error code: 400 - {'type': 'error', 'error': {'type': 'invalid_request_error', 'message': 'Your credit balance is too low to access the Anthropic API. Please go to Plans & Billing to upgrade or purchase credits.'}, 'request_id': 'req_011CdSJuEhic1mN9bNvjzoia'}",closed,yes,0.0,-1.7249999999999999,2026-07-27T09:30:03Z,/opt/kalshi-15m-bot/charts/20260727T091603Z_BTC_USD_M5_marked.png
243,adverse,2026-07-27T09:55:03Z,KXETH15M,KXETH15M-26JUL270600-00,ETH,YES,5,5.25,2026-07-27T10:00:00Z,"HTF bias is bullish (favor YES / up). This window: YES aligns with HTF. KalshiRules session: us_off_hours. KalshiRules entry: YES mid≈8.2¢ → intended limit ~5.2¢ (−3¢ favorable); fill/paper 5.2¢; NEVER BUY >55¢; prefer ≤50¢ for ~2× payout. KalshiRules block/execute: minutes_left=4.9 — outside last-3m block. Model fair YES 20.3¢ vs mid 8.2¢ (edge +12.0¢); index may ≠ Coinbase chart (settlement risk). Trigger: wick-hunt after adverse excursion (excursion_pct=0.10381520892810414, mid_improvement=30.25, arm_side_mid=38.5, now_side_mid=8.2, arm_spot=1964.01, spot=1962.99). Gate=skipped_llm_no_trade. ICT none: api_error: Error code: 400 - {'type': 'error', 'error': {'type': 'invalid_request_error', 'message': 'Your credit balance is too low to access the Anthropic API. Please go to Plans & Billing to upgrade or purchase credits.'}, 'request_id': 'req_011CdSMCdRf48Pxs7yYLtATt'}",closed,no,0.0,-0.2625,2026-07-27T10:01:03Z,/opt/kalshi-15m-bot/charts/20260727T094613Z_ETH_USD_M5_marked.png
247,adverse,2026-07-27T10:17:03Z,KXBTC15M,KXBTC15M-26JUL270630-30,BTC,NO,5,26.5,2026-07-27T10:30:00Z,"HTF bias is bearish (favor NO / down). This window: NO aligns with HTF. KalshiRules session: us_off_hours. KalshiRules entry: NO mid≈29.5¢ → intended limit ~26.5¢ (−3¢ favorable); fill/paper 26.5¢; NEVER BUY >55¢; prefer ≤50¢ for ~2× payout. KalshiRules block/execute: minutes_left=12.9 — outside last-3m block. Model fair YES 61.9¢ vs mid 70.5¢ (edge -8.6¢); index may ≠ Coinbase chart (settlement risk). Trigger: wick-hunt after adverse excursion (excursion_pct=0.025847177679949596, mid_improvement=21.0, arm_side_mid=50.5, now_side_mid=29.5, arm_spot=65194.13, spot=65207.72). Gate=skipped_llm_no_trade. ICT none: api_error: Error code: 400 - {'type': 'error', 'error': {'type': 'invalid_request_error', 'message': 'Your credit balance is too low to access the Anthropic API. Please go to Plans & Billing to upgrade or purchase credits.'}, 'request_id': 'req_011CdSPUjqJbGByfhMKpqg8A'}",closed,yes,0.0,-1.3250000000000002,2026-07-27T10:31:03Z,/opt/kalshi-15m-bot/charts/20260727T101604Z_BTC_USD_M5_marked.png
248,adverse,2026-07-27T10:39:03Z,KXBTC15M,KXBTC15M-26JUL270645-45,BTC,NO,5,24.5,2026-07-27T10:45:00Z,"HTF bias is bearish (favor NO / down). This window: NO aligns with HTF. KalshiRules session: us_off_hours. KalshiRules entry: NO mid≈27.5¢ → intended limit ~24.5¢ (−3¢ favorable); fill/paper 24.5¢; NEVER BUY >55¢; prefer ≤50¢ for ~2× payout. KalshiRules block/execute: minutes_left=5.9 — outside last-3m block. Model fair YES 57.9¢ vs mid 72.5¢ (edge -14.6¢); index may ≠ Coinbase chart (settlement risk). Trigger: wick-hunt after adverse excursion (excursion_pct=0.012543154424138336, mid_improvement=23.0, arm_side_mid=50.5, now_side_mid=27.5, arm_spot=65294.25, spot=65302.77). Gate=skipped_llm_no_trade. ICT none: api_error: Error code: 400 - {'type': 'error', 'error': {'type': 'invalid_request_error', 'message': 'Your credit balance is too low to access the Anthropic API. Please go to Plans & Billing to upgrade or purchase credits.'}, 'request_id': 'req_011CdSQd1Koemkzt53LwUQfL'}",closed,yes,0.0,-1.225,2026-07-27T10:46:03Z,/opt/kalshi-15m-bot/charts/20260727T103104Z_BTC_USD_M5_marked.png
251,adverse,2026-07-27T11:09:03Z,KXETH15M,KXETH15M-26JUL270715-15,ETH,YES,5,11.0,2026-07-27T11:15:00Z,"HTF bias is bullish (favor YES / up). This window: YES aligns with HTF. KalshiRules session: us_off_hours. KalshiRules entry: YES mid≈14.0¢ → intended limit ~11.0¢ (−3¢ favorable); fill/paper 11.0¢; NEVER BUY >55¢; prefer ≤50¢ for ~2× payout. KalshiRules block/execute: minutes_left=5.9 — outside last-3m block. Model fair YES 22.3¢ vs mid 14.0¢ (edge +8.3¢); index may ≠ Coinbase chart (settlement risk). Trigger: wick-hunt after adverse excursion (excursion_pct=0.07833602083535673, mid_improvement=20.5, arm_side_mid=34.5, now_side_mid=14.0, arm_spot=1965.11, spot=1964.35). Gate=skipped_llm_no_trade. ICT none: api_error: Error code: 400 - {'type': 'error', 'error': {'type': 'invalid_request_error', 'message': 'Your credit balance is too low to access the Anthropic API. Please go to Plans & Billing to upgrade or purchase credits.'}, 'request_id': 'req_011CdSSvM8dSD1bLUE7homWb'}",closed,no,0.0,-0.55,2026-07-27T11:16:03Z,/opt/kalshi-15m-bot/charts/20260727T110112Z_ETH_USD_M5_marked.png
252,adverse,2026-07-27T11:36:03Z,KXBTC15M,KXBTC15M-26JUL270745-45,BTC,NO,5,28.5,2026-07-27T11:45:00Z,"HTF bias is bearish (favor NO / down). This window: NO aligns with HTF. KalshiRules session: us_off_hours. KalshiRules entry: NO mid≈31.5¢ → intended limit ~28.5¢ (−3¢ favorable); fill/paper 28.5¢; NEVER BUY >55¢; prefer ≤50¢ for ~2× payout. KalshiRules block/execute: minutes_left=8.9 — outside last-3m block. Model fair YES 60.4¢ vs mid 68.5¢ (edge -8.1¢); index may ≠ Coinbase chart (settlement risk). Trigger: wick-hunt after adverse excursion (excursion_pct=0.022955836502225324, mid_improvement=18.0, arm_side_mid=49.5, now_side_mid=31.5, arm_spot=65118.5, spot=65140.0). Gate=skipped_llm_no_trade. ICT none: api_error: Error code: 400 - {'type': 'error', 'error': {'type': 'invalid_request_error', 'message': 'Your credit balance is too low to access the Anthropic API. Please go to Plans & Billing to upgrade or purchase credits.'}, 'request_id': 'req_011CdSVCJyq1Wu8tWbBHK1yD'}",closed,no,5.0,3.575,2026-07-27T11:46:03Z,/opt/kalshi-15m-bot/charts/20260727T113103Z_BTC_USD_M5_marked.png
256,adverse,2026-07-27T12:41:03Z,KXBTC15M,KXBTC15M-26JUL270845-45,BTC,YES,5,8.5,2026-07-27T12:45:00Z,"HTF bias is bullish (favor YES / up). This window: YES aligns with HTF. KalshiRules session: us_off_hours. KalshiRules entry: YES mid≈11.5¢ → intended limit ~8.5¢ (−3¢ favorable); fill/paper 8.5¢; NEVER BUY >55¢; prefer ≤50¢ for ~2× payout. KalshiRules block/execute: minutes_left=3.9 — outside last-3m block. Model fair YES 20.0¢ vs mid 11.5¢ (edge +8.5¢); index may ≠ Coinbase chart (settlement risk). Trigger: wick-hunt after adverse excursion (excursion_pct=0.08241627591398792, mid_improvement=29.0, arm_side_mid=40.5, now_side_mid=11.5, arm_spot=64946.99, spot=64921.48). Gate=skipped_llm_no_trade. ICT none: api_error: Error code: 400 - {'type': 'error', 'error': {'type': 'invalid_request_error', 'message': 'Your credit balance is too low to access the Anthropic API. Please go to Plans & Billing to upgrade or purchase credits.'}, 'request_id': 'req_011CdSZmhSpimrdejtP4dAVa'}",closed,yes,5.0,4.575,2026-07-27T12:46:03Z,/opt/kalshi-15m-bot/charts/20260727T123103Z_BTC_USD_M5_marked.png
258,adverse,2026-07-27T13:02:03Z,KXETH15M,KXETH15M-26JUL270915-15,ETH,YES,5,37.0,2026-07-27T13:15:00Z,"HTF bias is bullish (favor YES / up). This window: YES aligns with HTF. KalshiRules session: us_off_hours. KalshiRules entry: YES mid≈40.0¢ → intended limit ~37.0¢ (−3¢ favorable); fill/paper 37.0¢; NEVER BUY >55¢; prefer ≤50¢ for ~2× payout. KalshiRules block/execute: minutes_left=12.9 — outside last-3m block. Model fair YES 56.5¢ vs mid 40.0¢ (edge +16.5¢); index may ≠ Coinbase chart (settlement risk). Trigger: wick-hunt after adverse excursion (excursion_pct=-0.04755768286697215, mid_improvement=18.5, arm_side_mid=58.5, now_side_mid=40.0, arm_spot=1956.12, spot=1956.45). Gate=skipped_llm_no_trade. ICT none: api_error: Error code: 400 - {'type': 'error', 'error': {'type': 'invalid_request_error', 'message': 'Your credit balance is too low to access the Anthropic API. Please go to Plans & Billing to upgrade or purchase credits.'}, 'request_id': 'req_011CdSc5BPHweM9vUHF4pSQo'}",closed,no,0.0,-1.85,2026-07-27T13:16:03Z,/opt/kalshi-15m-bot/charts/20260727T130114Z_ETH_USD_M5_marked.png
259,adverse,2026-07-27T13:26:06Z,KXETH15M,KXETH15M-26JUL270930-30,ETH,YES,5,8.5,2026-07-27T13:30:00Z,"HTF bias is bullish (favor YES / up). This window: YES aligns with HTF. KalshiRules session: us_off_hours. KalshiRules entry: YES mid≈11.5¢ → intended limit ~8.5¢ (−3¢ favorable); fill/paper 8.5¢; NEVER BUY >55¢; prefer ≤50¢ for ~2× payout. KalshiRules block/execute: minutes_left=3.9 — outside last-3m block. Model fair YES 22.2¢ vs mid 11.5¢ (edge +10.7¢); index may ≠ Coinbase chart (settlement risk). Trigger: wick-hunt after adverse excursion (excursion_pct=0.09573885307926355, mid_improvement=43.0, arm_side_mid=54.5, now_side_mid=11.5, arm_spot=1952.95, spot=1951.36). Gate=skipped_llm_no_trade. ICT none: api_error: Error code: 400 - {'type': 'error', 'error': {'type': 'invalid_request_error', 'message': 'Your credit balance is too low to access the Anthropic API. Please go to Plans & Billing to upgrade or purchase credits.'}, 'request_id': 'req_011CdSdDTXjVWuxj3XUCtsJx'}",closed,no,0.0,-0.42500000000000004,2026-07-27T13:30:03Z,/opt/kalshi-15m-bot/charts/20260727T131613Z_ETH_USD_M5_marked.png
261,adverse,2026-07-27T14:05:03Z,KXBTC15M,KXBTC15M-26JUL271015-15,BTC,NO,5,16.5,2026-07-27T14:15:00Z,"HTF bias is bearish (favor NO / down). This window: NO aligns with HTF. KalshiRules session: us_rth. KalshiRules entry: NO mid≈19.5¢ → intended limit ~16.5¢ (−3¢ favorable); fill/paper 16.5¢; NEVER BUY >55¢; prefer ≤50¢ for ~2× payout. KalshiRules block/execute: minutes_left=9.9 — outside last-3m block. Model fair YES 64.8¢ vs mid 80.5¢ (edge -15.7¢); index may ≠ Coinbase chart (settlement risk). Trigger: wick-hunt after adverse excursion (excursion_pct=0.13662296511887106, mid_improvement=22.0, arm_side_mid=41.5, now_side_mid=19.5, arm_spot=65228.0, spot=65253.77). Gate=skipped_llm_no_trade. ICT none: api_error: Error code: 400 - {'type': 'error', 'error': {'type': 'invalid_request_error', 'message': 'Your credit balance is too low to access the Anthropic API. Please go to Plans & Billing to upgrade or purchase credits.'}, 'request_id': 'req_011CdSgdksno4fh97RCetF6t'}",closed,yes,0.0,-0.8250000000000001,2026-07-27T14:16:03Z,/opt/kalshi-15m-bot/charts/20260727T140103Z_BTC_USD_M5_marked.png
262,adverse,2026-07-27T14:07:03Z,KXETH15M,KXETH15M-26JUL271015-15,ETH,YES,5,23.5,2026-07-27T14:15:00Z,"HTF bias is bullish (favor YES / up). This window: YES aligns with HTF. KalshiRules session: us_rth. KalshiRules entry: YES mid≈26.5¢ → intended limit ~23.5¢ (−3¢ favorable); fill/paper 23.5¢; NEVER BUY >55¢; prefer ≤50¢ for ~2× payout. KalshiRules block/execute: minutes_left=7.9 — outside last-3m block. Model fair YES 36.2¢ vs mid 26.5¢ (edge +9.7¢); index may ≠ Coinbase chart (settlement risk). Trigger: wick-hunt after adverse excursion (excursion_pct=0.1358002001266123, mid_improvement=41.0, arm_side_mid=67.5, now_side_mid=26.5, arm_spot=1961.6, spot=1956.1). Gate=skipped_llm_no_trade. ICT none: api_error: Error code: 400 - {'type': 'error', 'error': {'type': 'invalid_request_error', 'message': 'Your credit balance is too low to access the Anthropic API. Please go to Plans & Billing to upgrade or purchase credits.'}, 'request_id': 'req_011CdSgeTnQwsvwnqLdAME3V'}",closed,yes,5.0,3.825,2026-07-27T14:16:04Z,/opt/kalshi-15m-bot/charts/20260727T140112Z_ETH_USD_M5_marked.png
264,adverse,2026-07-27T15:09:06Z,KXETH15M,KXETH15M-26JUL271115-15,ETH,YES,5,15.5,2026-07-27T15:15:00Z,"HTF bias is bullish (favor YES / up). This window: YES aligns with HTF. KalshiRules session: us_rth. KalshiRules entry: YES mid≈18.5¢ → intended limit ~15.5¢ (−3¢ favorable); fill/paper 15.5¢; NEVER BUY >55¢; prefer ≤50¢ for ~2× payout. KalshiRules block/execute: minutes_left=5.9 — outside last-3m block. Model fair YES 31.7¢ vs mid 18.5¢ (edge +13.2¢); index may ≠ Coinbase chart (settlement risk). Trigger: wick-hunt after adverse excursion (excursion_pct=0.15024072720865034, mid_improvement=46.5, arm_side_mid=65.0, now_side_mid=18.5, arm_spot=1930.5, spot=1926.671). Gate=skipped_llm_no_trade. ICT none: api_error: Error code: 400 - {'type': 'error', 'error': {'type': 'invalid_request_error', 'message': 'Your credit balance is too low to access the Anthropic API. Please go to Plans & Billing to upgrade or purchase credits.'}, 'request_id': 'req_011CdSmDsfyzCKJSgJTpAQnL'}",closed,yes,5.0,4.225,2026-07-27T15:16:03Z,/opt/kalshi-15m-bot/charts/20260727T150113Z_ETH_USD_M5_marked.png
265,adverse,2026-07-27T15:10:03Z,KXBTC15M,KXBTC15M-26JUL271115-15,BTC,YES,5,16.5,2026-07-27T15:15:00Z,"HTF bias is bullish (favor YES / up). This window: YES aligns with HTF. KalshiRules session: us_rth. KalshiRules entry: YES mid≈19.5¢ → intended limit ~16.5¢ (−3¢ favorable); fill/paper 16.5¢; NEVER BUY >55¢; prefer ≤50¢ for ~2× payout. KalshiRules block/execute: minutes_left=4.9 — outside last-3m block. Model fair YES 29.0¢ vs mid 19.5¢ (edge +9.5¢); index may ≠ Coinbase chart (settlement risk). Trigger: wick-hunt after adverse excursion (excursion_pct=0.10295209840555097, mid_improvement=48.0, arm_side_mid=67.5, now_side_mid=19.5, arm_spot=64649.99, spot=64536.35). Gate=skipped_llm_no_trade. ICT none: api_error: Error code: 400 - {'type': 'error', 'error': {'type': 'invalid_request_error', 'message': 'Your credit balance is too low to access the Anthropic API. Please go to Plans & Billing to upgrade or purchase credits.'}, 'request_id': 'req_011CdSmD8F3wSpaZ1cdtbDLZ'}",closed,yes,5.0,4.175,2026-07-27T15:16:04Z,/opt/kalshi-15m-bot/charts/20260727T150103Z_BTC_USD_M5_marked.png
267,adverse,2026-07-27T15:18:06Z,KXETH15M,KXETH15M-26JUL271130-30,ETH,YES,5,25.5,2026-07-27T15:30:00Z,"HTF bias is bullish (favor YES / up). This window: YES aligns with HTF. KalshiRules session: us_rth. KalshiRules entry: YES mid≈28.5¢ → intended limit ~25.5¢ (−3¢ favorable); fill/paper 25.5¢; NEVER BUY >55¢; prefer ≤50¢ for ~2× payout. KalshiRules block/execute: minutes_left=11.9 — outside last-3m block. Model fair YES 36.9¢ vs mid 28.5¢ (edge +8.4¢); index may ≠ Coinbase chart (settlement risk). Trigger: wick-hunt after adverse excursion (excursion_pct=0.1703339373543833, mid_improvement=24.0, arm_side_mid=52.5, now_side_mid=28.5, arm_spot=1931.55, spot=1928.21). Gate=skipped_llm_no_trade. ICT none: api_error: Error code: 400 - {'type': 'error', 'error': {'type': 'invalid_request_error', 'message': 'Your credit balance is too low to access the Anthropic API. Please go to Plans & Billing to upgrade or purchase credits.'}, 'request_id': 'req_011CdSnNKFTFUfjpcXnTschH'}",closed,no,0.0,-1.275,2026-07-27T15:31:03Z,/opt/kalshi-15m-bot/charts/20260727T151614Z_ETH_USD_M5_marked.png
268,adverse,2026-07-27T15:19:03Z,KXBTC15M,KXBTC15M-26JUL271130-30,BTC,YES,5,12.5,2026-07-27T15:30:00Z,"HTF bias is bullish (favor YES / up). This window: YES aligns with HTF. KalshiRules session: us_rth. KalshiRules entry: YES mid≈15.5¢ → intended limit ~12.5¢ (−3¢ favorable); fill/paper 12.5¢; NEVER BUY >55¢; prefer ≤50¢ for ~2× payout. KalshiRules block/execute: minutes_left=10.9 — outside last-3m block. Model fair YES 29.5¢ vs mid 15.5¢ (edge +14.0¢); index may ≠ Coinbase chart (settlement risk). Trigger: wick-hunt after adverse excursion (excursion_pct=0.15823107799406433, mid_improvement=30.0, arm_side_mid=45.5, now_side_mid=15.5, arm_spot=64631.72, spot=64562.6). Gate=skipped_llm_no_trade. ICT none: api_error: Error code: 400 - {'type': 'error', 'error': {'type': 'invalid_request_error', 'message': 'Your credit balance is too low to access the Anthropic API. Please go to Plans & Billing to upgrade or purchase credits.'}, 'request_id': 'req_011CdSnMd9TEiwjQg9j34iu4'}",closed,no,0.0,-0.625,2026-07-27T15:31:04Z,/opt/kalshi-15m-bot/charts/20260727T151605Z_BTC_USD_M5_marked.png
271,adverse,2026-07-27T15:39:06Z,KXETH15M,KXETH15M-26JUL271145-45,ETH,YES,5,21.5,2026-07-27T15:45:00Z,"HTF bias is bullish (favor YES / up). This window: YES aligns with HTF. KalshiRules session: us_rth. KalshiRules entry: YES mid≈24.5¢ → intended limit ~21.5¢ (−3¢ favorable); fill/paper 21.5¢; NEVER BUY >55¢; prefer ≤50¢ for ~2× payout. KalshiRules block/execute: minutes_left=5.9 — outside last-3m block. Model fair YES 33.3¢ vs mid 24.5¢ (edge +8.8¢); index may ≠ Coinbase chart (settlement risk). Trigger: wick-hunt after adverse excursion (excursion_pct=0.1213434902328947, mid_improvement=26.0, arm_side_mid=50.5, now_side_mid=24.5, arm_spot=1929.16, spot=1926.07). Gate=skipped_llm_no_trade. ICT none: api_error: Error code: 400 - {'type': 'error', 'error': {'type': 'invalid_request_error', 'message': 'Your credit balance is too low to access the Anthropic API. Please go to Plans & Billing to upgrade or purchase credits.'}, 'request_id': 'req_011CdSoWoUBabyVbrc5rUYhg'}",closed,yes,5.0,3.9250000000000003,2026-07-27T15:46:03Z,/opt/kalshi-15m-bot/charts/20260727T153116Z_ETH_USD_M5_marked.png
272,adverse,2026-07-27T15:40:03Z,KXBTC15M,KXBTC15M-26JUL271145-45,BTC,YES,5,12.5,2026-07-27T15:45:00Z,"HTF bias is bullish (favor YES / up). This window: YES aligns with HTF. KalshiRules session: us_rth. KalshiRules entry: YES mid≈15.5¢ → intended limit ~12.5¢ (−3¢ favorable); fill/paper 12.5¢; NEVER BUY >55¢; prefer ≤50¢ for ~2× payout. KalshiRules block/execute: minutes_left=4.9 — outside last-3m block. Model fair YES 28.2¢ vs mid 15.5¢ (edge +12.7¢); index may ≠ Coinbase chart (settlement risk). Trigger: wick-hunt after adverse excursion (excursion_pct=0.08858622488076007, mid_improvement=48.0, arm_side_mid=63.5, now_side_mid=15.5, arm_spot=64602.47, spot=64501.38). Gate=skipped_llm_no_trade. ICT none: api_error: Error code: 400 - {'type': 'error', 'error': {'type': 'invalid_request_error', 'message': 'Your credit balance is too low to access the Anthropic API. Please go to Plans & Billing to upgrade or purchase credits.'}, 'request_id': 'req_011CdSoW4jRL2rtwr5SUEEQi'}",closed,no,0.0,-0.625,2026-07-27T15:46:04Z,/opt/kalshi-15m-bot/charts/20260727T153106Z_BTC_USD_M5_marked.png
274,adverse,2026-07-27T15:51:03Z,KXETH15M,KXETH15M-26JUL271200-00,ETH,YES,5,23.5,2026-07-27T16:00:00Z,"HTF bias is bullish (favor YES / up). This window: YES aligns with HTF. KalshiRules session: us_rth. KalshiRules entry: YES mid≈26.5¢ → intended limit ~23.5¢ (−3¢ favorable); fill/paper 23.5¢; NEVER BUY >55¢; prefer ≤50¢ for ~2× payout. KalshiRules block/execute: minutes_left=8.9 — outside last-3m block. Model fair YES 39.2¢ vs mid 26.5¢ (edge +12.7¢); index may ≠ Coinbase chart (settlement risk). Trigger: wick-hunt after adverse excursion (excursion_pct=0.06583551489074413, mid_improvement=7.5, arm_side_mid=34.0, now_side_mid=26.5, arm_spot=1927.38, spot=1927.78). Gate=skipped_llm_no_trade. ICT none: api_error: Error code: 400 - {'type': 'error', 'error': {'type': 'invalid_request_error', 'message': 'Your credit balance is too low to access the Anthropic API. Please go to Plans & Billing to upgrade or purchase credits.'}, 'request_id': 'req_011CdSpf2sB9YNmthjDyHi1a'}",closed,no,0.0,-1.1749999999999998,2026-07-27T16:01:03Z,/opt/kalshi-15m-bot/charts/20260727T154615Z_ETH_USD_M5_marked.png
275,adverse,2026-07-27T16:07:03Z,KXETH15M,KXETH15M-26JUL271215-15,ETH,YES,5,34.5,2026-07-27T16:15:00Z,"HTF bias is bullish (favor YES / up). This window: YES aligns with HTF. KalshiRules session: us_rth. KalshiRules entry: YES mid≈37.5¢ → intended limit ~34.5¢ (−3¢ favorable); fill/paper 34.5¢; NEVER BUY >55¢; prefer ≤50¢ for ~2× payout. KalshiRules block/execute: minutes_left=7.9 — outside last-3m block. Model fair YES 59.4¢ vs mid 37.5¢ (edge +21.9¢); index may ≠ Coinbase chart (settlement risk). Trigger: wick-hunt after adverse excursion (excursion_pct=-0.04413062665491463, mid_improvement=4.5, arm_side_mid=42.0, now_side_mid=37.5, arm_spot=1925.17, spot=1926.95). Gate=skipped_llm_no_trade. ICT none: api_error: Error code: 400 - {'type': 'error', 'error': {'type': 'invalid_request_error', 'message': 'Your credit balance is too low to access the Anthropic API. Please go to Plans & Billing to upgrade or purchase credits.'}, 'request_id': 'req_011CdSqo7kT5wrgtakPhcnmA'}",closed,no,0.0,-1.7249999999999999,2026-07-27T16:16:03Z,/opt/kalshi-15m-bot/charts/20260727T160111Z_ETH_USD_M5_marked.png
279,adverse,2026-07-27T17:06:06Z,KXETH15M,KXETH15M-26JUL271315-15,ETH,YES,5,7.5,2026-07-27T17:15:00Z,"HTF bias is bullish (favor YES / up). This window: YES aligns with HTF. KalshiRules session: us_rth. KalshiRules entry: YES mid≈10.5¢ → intended limit ~7.5¢ (−3¢ favorable); fill/paper 7.5¢; NEVER BUY >55¢; prefer ≤50¢ for ~2× payout. KalshiRules block/execute: minutes_left=8.9 — outside last-3m block. Model fair YES 20.1¢ vs mid 10.5¢ (edge +9.6¢); index may ≠ Coinbase chart (settlement risk). Trigger: wick-hunt after adverse excursion (excursion_pct=0.2182302199843167, mid_improvement=34.5, arm_side_mid=45.0, now_side_mid=10.5, arm_spot=1937.91, spot=1934.09). Gate=skipped_llm_no_trade. ICT none: api_error: Error code: 400 - {'type': 'error', 'error': {'type': 'invalid_request_error', 'message': 'Your credit balance is too low to access the Anthropic API. Please go to Plans & Billing to upgrade or purchase credits.'}, 'request_id': 'req_011CdSvNaKVmwLq5fQzvsx5b'}",closed,no,0.0,-0.375,2026-07-27T17:15:03Z,/opt/kalshi-15m-bot/charts/20260727T170112Z_ETH_USD_M5_marked.png
281,adverse,2026-07-27T17:11:03Z,KXBTC15M,KXBTC15M-26JUL271315-15,BTC,YES,5,12.5,2026-07-27T17:15:00Z,"HTF bias is bullish (favor YES / up). This window: YES aligns with HTF. KalshiRules session: us_rth. KalshiRules entry: YES mid≈15.5¢ → intended limit ~12.5¢ (−3¢ favorable); fill/paper 12.5¢; NEVER BUY >55¢; prefer ≤50¢ for ~2× payout. KalshiRules block/execute: minutes_left=3.9 — outside last-3m block. Model fair YES 23.7¢ vs mid 15.5¢ (edge +8.2¢); index may ≠ Coinbase chart (settlement risk). Trigger: wick-hunt after adverse excursion (excursion_pct=0.07076049331230516, mid_improvement=48.0, arm_side_mid=63.5, now_side_mid=15.5, arm_spot=64867.17, spot=64792.56). Gate=skipped_llm_no_trade. ICT none: api_error: Error code: 400 - {'type': 'error', 'error': {'type': 'invalid_request_error', 'message': 'Your credit balance is too low to access the Anthropic API. Please go to Plans & Billing to upgrade or purchase credits.'}, 'request_id': 'req_011CdSvMsFhS8czDPPbfdmTV'}",closed,no,0.0,-0.625,2026-07-27T17:16:03Z,/opt/kalshi-15m-bot/charts/20260727T170103Z_BTC_USD_M5_marked.png
283,adverse,2026-07-27T18:11:06Z,KXETH15M,KXETH15M-26JUL271415-15,ETH,YES,5,8.5,2026-07-27T18:15:00Z,"HTF bias is bullish (favor YES / up). This window: YES aligns with HTF. KalshiRules session: us_rth. KalshiRules entry: YES mid≈11.5¢ → intended limit ~8.5¢ (−3¢ favorable); fill/paper 8.5¢; NEVER BUY >55¢; prefer ≤50¢ for ~2× payout. KalshiRules block/execute: minutes_left=3.9 — outside last-3m block. Model fair YES 19.5¢ vs mid 11.5¢ (edge +8.0¢); index may ≠ Coinbase chart (settlement risk). Trigger: wick-hunt after adverse excursion (excursion_pct=0.0813707364051619, mid_improvement=50.0, arm_side_mid=61.5, now_side_mid=11.5, arm_spot=1942.7, spot=1940.15). Gate=skipped_llm_no_trade. ICT none: api_error: Error code: 400 - {'type': 'error', 'error': {'type': 'invalid_request_error', 'message': 'Your credit balance is too low to access the Anthropic API. Please go to Plans & Billing to upgrade or purchase credits.'}, 'request_id': 'req_011CdSzwyFGmg7f7fgAN3HdQ'}",closed,no,0.0,-0.42500000000000004,2026-07-27T18:16:03Z,/opt/kalshi-15m-bot/charts/20260727T180113Z_ETH_USD_M5_marked.png
286,adverse,2026-07-27T18:55:03Z,KXBTC15M,KXBTC15M-26JUL271500-00,BTC,YES,5,25.5,2026-07-27T19:00:00Z,"HTF bias is bullish (favor YES / up). This window: YES aligns with HTF. KalshiRules session: us_rth. KalshiRules entry: YES mid≈28.5¢ → intended limit ~25.5¢ (−3¢ favorable); fill/paper 25.5¢; NEVER BUY >55¢; prefer ≤50¢ for ~2× payout. KalshiRules block/execute: minutes_left=4.9 — outside last-3m block. Model fair YES 41.5¢ vs mid 28.5¢ (edge +13.0¢); index may ≠ Coinbase chart (settlement risk). Trigger: wick-hunt after adverse excursion (excursion_pct=0.018969480282549078, mid_improvement=22.0, arm_side_mid=50.5, now_side_mid=28.5, arm_spot=64767.83, spot=64775.99). Gate=skipped_llm_no_trade. ICT none: api_error: Error code: 400 - {'type': 'error', 'error': {'type': 'invalid_request_error', 'message': 'Your credit balance is too low to access the Anthropic API. Please go to Plans & Billing to upgrade or purchase credits.'}, 'request_id': 'req_011CdT4NKxz2LvMF9iDfzsEa'}",closed,yes,5.0,3.725,2026-07-27T19:00:03Z,/opt/kalshi-15m-bot/charts/20260727T184604Z_BTC_USD_M5_marked.png
290,adverse,2026-07-27T19:53:06Z,KXETH15M,KXETH15M-26JUL271600-00,ETH,YES,5,8.5,2026-07-27T20:00:00Z,"HTF bias is bullish (favor YES / up). This window: YES aligns with HTF. KalshiRules session: us_rth. KalshiRules entry: YES mid≈11.5¢ → intended limit ~8.5¢ (−3¢ favorable); fill/paper 8.5¢; NEVER BUY >55¢; prefer ≤50¢ for ~2× payout. KalshiRules block/execute: minutes_left=6.9 — outside last-3m block. Model fair YES 20.9¢ vs mid 11.5¢ (edge +9.4¢); index may ≠ Coinbase chart (settlement risk). Trigger: wick-hunt after adverse excursion (excursion_pct=0.13184219976400957, mid_improvement=34.0, arm_side_mid=45.5, now_side_mid=11.5, arm_spot=1948.66, spot=1946.73). Gate=skipped_llm_no_trade. ICT none: api_error: Error code: 400 - {'type': 'error', 'error': {'type': 'invalid_request_error', 'message': 'Your credit balance is too low to access the Anthropic API. Please go to Plans & Billing to upgrade or purchase credits.'}, 'request_id': 'req_011CdT8xRhS3MmhxC63yWUjt'}",closed,no,0.0,-0.42500000000000004,2026-07-27T20:01:03Z,/opt/kalshi-15m-bot/charts/20260727T194613Z_ETH_USD_M5_marked.png
292,adverse,2026-07-27T20:25:03Z,KXETH15M,KXETH15M-26JUL271630-30,ETH,YES,5,27.5,2026-07-27T20:30:00Z,"HTF bias is bullish (favor YES / up). This window: YES aligns with HTF. KalshiRules session: us_off_hours. KalshiRules entry: YES mid≈30.5¢ → intended limit ~27.5¢ (−3¢ favorable); fill/paper 27.5¢; NEVER BUY >55¢; prefer ≤50¢ for ~2× payout. KalshiRules block/execute: minutes_left=4.9 — outside last-3m block. Model fair YES 44.4¢ vs mid 30.5¢ (edge +13.9¢); index may ≠ Coinbase chart (settlement risk). Trigger: wick-hunt after adverse excursion (excursion_pct=0.012858494836032186, mid_improvement=3.5, arm_side_mid=34.0, now_side_mid=30.5, arm_spot=1943.0, spot=1943.99). Gate=skipped_llm_no_trade. ICT none: api_error: Error code: 400 - {'type': 'error', 'error': {'type': 'invalid_request_error', 'message': 'Your credit balance is too low to access the Anthropic API. Please go to Plans & Billing to upgrade or purchase credits.'}, 'request_id': 'req_011CdTBF1NQW1ZnwMUs5d7fU'}",closed,yes,5.0,3.625,2026-07-27T20:31:03Z,/opt/kalshi-15m-bot/charts/20260727T201612Z_ETH_USD_M5_marked.png
294,adverse,2026-07-27T21:03:03Z,KXBTC15M,KXBTC15M-26JUL271715-15,BTC,YES,5,30.5,2026-07-27T21:15:00Z,"HTF bias is bullish (favor YES / up). This window: YES aligns with HTF. KalshiRules session: us_off_hours. KalshiRules entry: YES mid≈33.5¢ → intended limit ~30.5¢ (−3¢ favorable); fill/paper 30.5¢; NEVER BUY >55¢; prefer ≤50¢ for ~2× payout. KalshiRules block/execute: minutes_left=11.9 — outside last-3m block. Model fair YES 41.6¢ vs mid 33.5¢ (edge +8.1¢); index may ≠ Coinbase chart (settlement risk). Trigger: wick-hunt after adverse excursion (excursion_pct=0.017226945593207255, mid_improvement=10.0, arm_side_mid=43.5, now_side_mid=33.5, arm_spot=64888.0, spot=64887.15). Gate=skipped_llm_no_trade. ICT none: api_error: Error code: 400 - {'type': 'error', 'error': {'type': 'invalid_request_error', 'message': 'Your credit balance is too low to access the Anthropic API. Please go to Plans & Billing to upgrade or purchase credits.'}, 'request_id': 'req_011CdTEfMJExGLXgUgZLZsvE'}",closed,no,0.0,-1.525,2026-07-27T21:16:03Z,/opt/kalshi-15m-bot/charts/20260727T210103Z_BTC_USD_M5_marked.png
295,adverse,2026-07-27T21:17:03Z,KXBTC15M,KXBTC15M-26JUL271730-30,BTC,YES,5,32.5,2026-07-27T21:30:00Z,"HTF bias is bullish (favor YES / up). This window: YES aligns with HTF. KalshiRules session: us_off_hours. KalshiRules entry: YES mid≈35.5¢ → intended limit ~32.5¢ (−3¢ favorable); fill/paper 32.5¢; NEVER BUY >55¢; prefer ≤50¢ for ~2× payout. KalshiRules block/execute: minutes_left=12.9 — outside last-3m block. Model fair YES 44.0¢ vs mid 35.5¢ (edge +8.5¢); index may ≠ Coinbase chart (settlement risk). Trigger: wick-hunt after adverse excursion (excursion_pct=0.012784111061692194, mid_improvement=15.0, arm_side_mid=50.5, now_side_mid=35.5, arm_spot=64843.03, spot=64837.83). Gate=skipped_llm_no_trade. ICT none: api_error: Error code: 400 - {'type': 'error', 'error': {'type': 'invalid_request_error', 'message': 'Your credit balance is too low to access the Anthropic API. Please go to Plans & Billing to upgrade or purchase credits.'}, 'request_id': 'req_011CdTFok8We5KW1umR837xa'}",closed,no,0.0,-1.625,2026-07-27T21:31:03Z,/opt/kalshi-15m-bot/charts/20260727T211604Z_BTC_USD_M5_marked.png
299,adverse,2026-07-27T23:37:03Z,KXBTC15M,KXBTC15M-26JUL271945-45,BTC,YES,5,15.5,2026-07-27T23:45:00Z,"HTF bias is bullish (favor YES / up). This window: YES aligns with HTF. KalshiRules session: us_off_hours. KalshiRules entry: YES mid≈18.5¢ → intended limit ~15.5¢ (−3¢ favorable); fill/paper 15.5¢; NEVER BUY >55¢; prefer ≤50¢ for ~2× payout. KalshiRules block/execute: minutes_left=7.9 — outside last-3m block. Model fair YES 27.2¢ vs mid 18.5¢ (edge +8.7¢); index may ≠ Coinbase chart (settlement risk). Trigger: wick-hunt after adverse excursion (excursion_pct=0.14856867149781738, mid_improvement=40.0, arm_side_mid=58.5, now_side_mid=18.5, arm_spot=63852.25, spot=63740.96). Gate=skipped_llm_no_trade. ICT none: api_error: Error code: 400 - {'type': 'error', 'error': {'type': 'invalid_request_error', 'message': 'Your credit balance is too low to access the Anthropic API. Please go to Plans & Billing to upgrade or purchase credits.'}, 'request_id': 'req_011CdTS6o1Y6VXmMbMMQYzag'}",closed,no,0.0,-0.775,2026-07-27T23:46:03Z,/opt/kalshi-15m-bot/charts/20260727T233103Z_BTC_USD_M5_marked.png
301,adverse,2026-07-28T00:01:19Z,KXETH15M,KXETH15M-26JUL272015-15,ETH,NO,5,29.5,2026-07-28T00:15:00Z,"HTF bias is bearish (favor NO / down). This window: NO aligns with HTF. KalshiRules session: us_off_hours. KalshiRules entry: NO mid≈32.5¢ → intended limit ~29.5¢ (−3¢ favorable); fill/paper 29.5¢; NEVER BUY >55¢; prefer ≤50¢ for ~2× payout. KalshiRules block/execute: minutes_left=13.7 — outside last-3m block. Model fair YES 50.2¢ vs mid 67.5¢ (edge -17.3¢); index may ≠ Coinbase chart (settlement risk). Trigger: wick-hunt after adverse excursion (excursion_pct=0.0015865712608587046, mid_improvement=8.0, arm_side_mid=40.5, now_side_mid=32.5, arm_spot=1891.36, spot=1890.9). Gate=skipped_llm_no_trade. ICT none: api_error: Error code: 400 - {'type': 'error', 'error': {'type': 'invalid_request_error', 'message': 'Your credit balance is too low to access the Anthropic API. Please go to Plans & Billing to upgrade or purchase credits.'}, 'request_id': 'req_011CdTUQ9uMCZcqAghBfFx87'}",closed,no,5.0,3.5250000000000004,2026-07-28T00:16:03Z,/opt/kalshi-15m-bot/charts/20260728T000112Z_ETH_USD_M5_marked.png
304,adverse,2026-07-28T00:47:03Z,KXETH15M,KXETH15M-26JUL272100-00,ETH,YES,5,23.5,2026-07-28T01:00:00Z,"HTF bias is bullish (favor YES / up). This window: YES aligns with HTF. KalshiRules session: us_off_hours. KalshiRules entry: YES mid≈26.5¢ → intended limit ~23.5¢ (−3¢ favorable); fill/paper 23.5¢; NEVER BUY >55¢; prefer ≤50¢ for ~2× payout. KalshiRules block/execute: minutes_left=12.9 — outside last-3m block. Model fair YES 40.3¢ vs mid 26.5¢ (edge +13.8¢); index may ≠ Coinbase chart (settlement risk). Trigger: wick-hunt after adverse excursion (excursion_pct=0.058392920654637415, mid_improvement=-3.5, arm_side_mid=23.0, now_side_mid=26.5, arm_spot=1879.6, spot=1882.69). Gate=skipped_llm_no_trade. ICT none: api_error: Error code: 400 - {'type': 'error', 'error': {'type': 'invalid_request_error', 'message': 'Your credit balance is too low to access the Anthropic API. Please go to Plans & Billing to upgrade or purchase credits.'}, 'request_id': 'req_011CdTXq9ZZAMQfZLEctRoXR'}",closed,no,0.0,-1.1749999999999998,2026-07-28T01:01:03Z,/opt/kalshi-15m-bot/charts/20260728T004612Z_ETH_USD_M5_marked.png
307,adverse,2026-07-28T01:26:06Z,KXETH15M,KXETH15M-26JUL272130-30,ETH,YES,5,14.5,2026-07-28T01:30:00Z,"HTF bias is bullish (favor YES / up). This window: YES aligns with HTF. KalshiRules session: asia. KalshiRules entry: YES mid≈17.5¢ → intended limit ~14.5¢ (−3¢ favorable); fill/paper 14.5¢; NEVER BUY >55¢; prefer ≤50¢ for ~2× payout. KalshiRules block/execute: minutes_left=3.9 — outside last-3m block. Model fair YES 38.2¢ vs mid 17.5¢ (edge +20.7¢); index may ≠ Coinbase chart (settlement risk). Trigger: wick-hunt after adverse excursion (excursion_pct=0.033076898453932024, mid_improvement=37.5, arm_side_mid=55.0, now_side_mid=17.5, arm_spot=1874.81, spot=1873.8). Gate=skipped_llm_no_trade. ICT none: api_error: Error code: 400 - {'type': 'error', 'error': {'type': 'invalid_request_error', 'message': 'Your credit balance is too low to access the Anthropic API. Please go to Plans & Billing to upgrade or purchase credits.'}, 'request_id': 'req_011CdTa7mopJfNJqT8o3hqtR'}",closed,yes,5.0,4.275,2026-07-28T01:31:03Z,/opt/kalshi-15m-bot/charts/20260728T011611Z_ETH_USD_M5_marked.png
308,adverse,2026-07-28T01:40:03Z,KXBTC15M,KXBTC15M-26JUL272145-45,BTC,YES,5,20.5,2026-07-28T01:45:00Z,"HTF bias is bullish (favor YES / up). This window: YES aligns with HTF. KalshiRules session: asia. KalshiRules entry: YES mid≈23.5¢ → intended limit ~20.5¢ (−3¢ favorable); fill/paper 20.5¢; NEVER BUY >55¢; prefer ≤50¢ for ~2× payout. KalshiRules block/execute: minutes_left=4.9 — outside last-3m block. Model fair YES 33.2¢ vs mid 23.5¢ (edge +9.7¢); index may ≠ Coinbase chart (settlement risk). Trigger: wick-hunt after adverse excursion (excursion_pct=0.062413525333437914, mid_improvement=24.0, arm_side_mid=47.5, now_side_mid=23.5, arm_spot=63259.2, spot=63216.04). Gate=skipped_llm_no_trade. ICT none: api_error: Error code: 400 - {'type': 'error', 'error': {'type': 'invalid_request_error', 'message': 'Your credit balance is too low to access the Anthropic API. Please go to Plans & Billing to upgrade or purchase credits.'}, 'request_id': 'req_011CdTbFaju5gaajGdJGoAkg'}",closed,no,0.0,-1.025,2026-07-28T01:46:03Z,/opt/kalshi-15m-bot/charts/20260728T013104Z_BTC_USD_M5_marked.png
311,adverse,2026-07-28T01:56:03Z,KXETH15M,KXETH15M-26JUL272200-00,ETH,YES,5,14.5,2026-07-28T02:00:00Z,"HTF bias is bullish (favor YES / up). This window: YES aligns with HTF. KalshiRules session: asia. KalshiRules entry: YES mid≈17.5¢ → intended limit ~14.5¢ (−3¢ favorable); fill/paper 14.5¢; NEVER BUY >55¢; prefer ≤50¢ for ~2× payout. KalshiRules block/execute: minutes_left=3.9 — outside last-3m block. Model fair YES 27.9¢ vs mid 17.5¢ (edge +10.4¢); index may ≠ Coinbase chart (settlement risk). Trigger: wick-hunt after adverse excursion (excursion_pct=0.09177787619591982, mid_improvement=22.5, arm_side_mid=40.0, now_side_mid=17.5, arm_spot=1873.22, spot=1872.37). Gate=skipped_llm_no_trade. ICT none: api_error: Error code: 400 - {'type': 'error', 'error': {'type': 'invalid_request_error', 'message': 'Your credit balance is too low to access the Anthropic API. Please go to Plans & Billing to upgrade or purchase credits.'}, 'request_id': 'req_011CdTcQkf56sZ2ESM6SZp2X'}",closed,yes,5.0,4.275,2026-07-28T02:01:03Z,/opt/kalshi-15m-bot/charts/20260728T014615Z_ETH_USD_M5_marked.png
312,adverse,2026-07-28T02:05:03Z,KXBTC15M,KXBTC15M-26JUL272215-15,BTC,YES,5,23.5,2026-07-28T02:15:00Z,"HTF bias is bullish (favor YES / up). This window: YES aligns with HTF. KalshiRules session: asia. KalshiRules entry: YES mid≈26.5¢ → intended limit ~23.5¢ (−3¢ favorable); fill/paper 23.5¢; NEVER BUY >55¢; prefer ≤50¢ for ~2× payout. KalshiRules block/execute: minutes_left=9.9 — outside last-3m block. Model fair YES 36.2¢ vs mid 26.5¢ (edge +9.7¢); index may ≠ Coinbase chart (settlement risk). Trigger: wick-hunt after adverse excursion (excursion_pct=0.07880273039271302, mid_improvement=19.0, arm_side_mid=45.5, now_side_mid=26.5, arm_spot=63148.8, spot=63120.62). Gate=skipped_llm_no_trade. ICT none: api_error: Error code: 400 - {'type': 'error', 'error': {'type': 'invalid_request_error', 'message': 'Your credit balance is too low to access the Anthropic API. Please go to Plans & Billing to upgrade or purchase credits.'}, 'request_id': 'req_011CdTdYGM4tRnet9X3fDxYK'}",closed,yes,5.0,3.825,2026-07-28T02:16:03Z,/opt/kalshi-15m-bot/charts/20260728T020104Z_BTC_USD_M5_marked.png
313,adverse,2026-07-28T02:18:03Z,KXBTC15M,KXBTC15M-26JUL272230-30,BTC,YES,5,29.5,2026-07-28T02:30:00Z,"HTF bias is bullish (favor YES / up). This window: YES aligns with HTF. KalshiRules session: asia. KalshiRules entry: YES mid≈32.5¢ → intended limit ~29.5¢ (−3¢ favorable); fill/paper 29.5¢; NEVER BUY >55¢; prefer ≤50¢ for ~2× payout. KalshiRules block/execute: minutes_left=11.9 — outside last-3m block. Model fair YES 41.7¢ vs mid 32.5¢ (edge +9.2¢); index may ≠ Coinbase chart (settlement risk). Trigger: wick-hunt after adverse excursion (excursion_pct=0.03803855248434296, mid_improvement=13.0, arm_side_mid=45.5, now_side_mid=32.5, arm_spot=63181.92, spot=63175.0). Gate=skipped_llm_no_trade. ICT none: api_error: Error code: 400 - {'type': 'error', 'error': {'type': 'invalid_request_error', 'message': 'Your credit balance is too low to access the Anthropic API. Please go to Plans & Billing to upgrade or purchase credits.'}, 'request_id': 'req_011CdTegdJEPn4uChntZFF6f'}",closed,no,0.0,-1.4749999999999999,2026-07-28T02:30:03Z,/opt/kalshi-15m-bot/charts/20260728T021604Z_BTC_USD_M5_marked.png
315,adverse,2026-07-28T02:37:03Z,KXBTC15M,KXBTC15M-26JUL272245-45,BTC,YES,5,20.5,2026-07-28T02:45:00Z,"HTF bias is bullish (favor YES / up). This window: YES aligns with HTF. KalshiRules session: asia. KalshiRules entry: YES mid≈23.5¢ → intended limit ~20.5¢ (−3¢ favorable); fill/paper 20.5¢; NEVER BUY >55¢; prefer ≤50¢ for ~2× payout. KalshiRules block/execute: minutes_left=7.9 — outside last-3m block. Model fair YES 32.7¢ vs mid 23.5¢ (edge +9.2¢); index may ≠ Coinbase chart (settlement risk). Trigger: wick-hunt after adverse excursion (excursion_pct=0.048702552602564175, mid_improvement=32.0, arm_side_mid=55.5, now_side_mid=23.5, arm_spot=63182.77, spot=63148.67). Gate=skipped_llm_no_trade. ICT none: api_error: Error code: 400 - {'type': 'error', 'error': {'type': 'invalid_request_error', 'message': 'Your credit balance is too low to access the Anthropic API. Please go to Plans & Billing to upgrade or purchase credits.'}, 'request_id': 'req_011CdTfpwXwJLauavQYD1qmX'}",closed,no,0.0,-1.025,2026-07-28T02:46:03Z,/opt/kalshi-15m-bot/charts/20260728T023104Z_BTC_USD_M5_marked.png
316,adverse,2026-07-28T02:37:06Z,KXETH15M,KXETH15M-26JUL272245-45,ETH,YES,5,29.5,2026-07-28T02:45:00Z,"HTF bias is bullish (favor YES / up). This window: YES aligns with HTF. KalshiRules session: asia. KalshiRules entry: YES mid≈32.5¢ → intended limit ~29.5¢ (−3¢ favorable); fill/paper 29.5¢; NEVER BUY >55¢; prefer ≤50¢ for ~2× payout. KalshiRules block/execute: minutes_left=7.9 — outside last-3m block. Model fair YES 42.4¢ vs mid 32.5¢ (edge +9.9¢); index may ≠ Coinbase chart (settlement risk). Trigger: wick-hunt after adverse excursion (excursion_pct=0.02878004583488636, mid_improvement=25.0, arm_side_mid=57.5, now_side_mid=32.5, arm_spot=1876.61, spot=1875.76). Gate=skipped_llm_no_trade. ICT none: api_error: Error code: 400 - {'type': 'error', 'error': {'type': 'invalid_request_error', 'message': 'Your credit balance is too low to access the Anthropic API. Please go to Plans & Billing to upgrade or purchase credits.'}, 'request_id': 'req_011CdTfqe6xwUBFM9gHc5tJn'}",closed,no,0.0,-1.4749999999999999,2026-07-28T02:46:04Z,/opt/kalshi-15m-bot/charts/20260728T023113Z_ETH_USD_M5_marked.png
318,adverse,2026-07-28T02:53:03Z,KXETH15M,KXETH15M-26JUL272300-00,ETH,YES,5,22.5,2026-07-28T03:00:00Z,"HTF bias is bullish (favor YES / up). This window: YES aligns with HTF. KalshiRules session: asia. KalshiRules entry: YES mid≈25.5¢ → intended limit ~22.5¢ (−3¢ favorable); fill/paper 22.5¢; NEVER BUY >55¢; prefer ≤50¢ for ~2× payout. KalshiRules block/execute: minutes_left=6.9 — outside last-3m block. Model fair YES 35.3¢ vs mid 25.5¢ (edge +9.8¢); index may ≠ Coinbase chart (settlement risk). Trigger: wick-hunt after adverse excursion (excursion_pct=0.04057098320574548, mid_improvement=27.0, arm_side_mid=52.5, now_side_mid=25.5, arm_spot=1872.72, spot=1872.5). Gate=skipped_llm_no_trade. ICT none: api_error: Error code: 400 - {'type': 'error', 'error': {'type': 'invalid_request_error', 'message': 'Your credit balance is too low to access the Anthropic API. Please go to Plans & Billing to upgrade or purchase credits.'}, 'request_id': 'req_011CdTgz6giWvFt2RyHkwpaJ'}",closed,yes,5.0,3.875,2026-07-28T03:00:03Z,/opt/kalshi-15m-bot/charts/20260728T024615Z_ETH_USD_M5_marked.png
323,adverse,2026-07-28T03:32:06Z,KXETH15M,KXETH15M-26JUL272345-45,ETH,YES,5,22.5,2026-07-28T03:45:00Z,"HTF bias is bullish (favor YES / up). This window: YES aligns with HTF. KalshiRules session: asia. KalshiRules entry: YES mid≈25.5¢ → intended limit ~22.5¢ (−3¢ favorable); fill/paper 22.5¢; NEVER BUY >55¢; prefer ≤50¢ for ~2× payout. KalshiRules block/execute: minutes_left=12.9 — outside last-3m block. Model fair YES 37.4¢ vs mid 25.5¢ (edge +11.9¢); index may ≠ Coinbase chart (settlement risk). Trigger: wick-hunt after adverse excursion (excursion_pct=0.05489585776110584, mid_improvement=17.5, arm_side_mid=43.0, now_side_mid=25.5, arm_spot=1875.65, spot=1875.25). Gate=skipped_llm_no_trade. ICT none: api_error: Error code: 400 - {'type': 'error', 'error': {'type': 'invalid_request_error', 'message': 'Your credit balance is too low to access the Anthropic API. Please go to Plans & Billing to upgrade or purchase credits.'}, 'request_id': 'req_011CdTkQya8gsvpXPun7GzbH'}",closed,yes,5.0,3.875,2026-07-28T03:46:03Z,/opt/kalshi-15m-bot/charts/20260728T033113Z_ETH_USD_M5_marked.png
325,adverse,2026-07-28T04:15:10Z,KXBTC15M,KXBTC15M-26JUL280015-15,BTC,YES,5,7.5,2026-07-28T04:15:00Z,"HTF bias is bullish (favor YES / up). This window: YES aligns with HTF. KalshiRules session: asia. KalshiRules entry: YES mid≈10.5¢ → intended limit ~7.5¢ (−3¢ favorable); fill/paper 7.5¢; NEVER BUY >55¢; prefer ≤50¢ for ~2× payout. KalshiRules block/execute: minutes_left=-0.2 — last-3m (blocked unless exception). Model fair YES 99.0¢ vs mid 10.5¢ (edge +88.5¢); index may ≠ Coinbase chart (settlement risk). Trigger: wick-hunt after adverse excursion (excursion_pct=-0.0093106734620374, mid_improvement=44.0, arm_side_mid=54.5, now_side_mid=10.5, arm_spot=63264.17, spot=63266.62). Gate=skipped_llm_no_trade. ICT none: api_error: Error code: 400 - {'type': 'error', 'error': {'type': 'invalid_request_error', 'message': 'Your credit balance is too low to access the Anthropic API. Please go to Plans & Billing to upgrade or purchase credits.'}, 'request_id': 'req_011CdToksXQQvVEyHT4GrWJp'}",closed,no,0.0,-0.375,2026-07-28T04:16:03Z,/opt/kalshi-15m-bot/charts/20260728T041503Z_BTC_USD_M5_marked.png
332,adverse,2026-07-28T05:36:06Z,KXETH15M,KXETH15M-26JUL280145-45,ETH,YES,5,7.5,2026-07-28T05:45:00Z,"HTF bias is bullish (favor YES / up). This window: YES aligns with HTF. KalshiRules session: asia. KalshiRules entry: YES mid≈10.5¢ → intended limit ~7.5¢ (−3¢ favorable); fill/paper 7.5¢; NEVER BUY >55¢; prefer ≤50¢ for ~2× payout. KalshiRules block/execute: minutes_left=8.9 — outside last-3m block. Model fair YES 19.0¢ vs mid 10.5¢ (edge +8.5¢); index may ≠ Coinbase chart (settlement risk). Trigger: wick-hunt after adverse excursion (excursion_pct=0.1629537625333688, mid_improvement=41.0, arm_side_mid=51.5, now_side_mid=10.5, arm_spot=1884.06, spot=1880.9). Gate=skipped_llm_no_trade. ICT none: api_error: Error code: 400 - {'type': 'error', 'error': {'type': 'invalid_request_error', 'message': 'Your credit balance is too low to access the Anthropic API. Please go to Plans & Billing to upgrade or purchase credits.'}, 'request_id': 'req_011CdTuZvsDGsXpLNmGFNArK'}",closed,yes,5.0,4.625,2026-07-28T05:46:03Z,/opt/kalshi-15m-bot/charts/20260728T053116Z_ETH_USD_M5_marked.png
333,adverse,2026-07-28T05:37:03Z,KXBTC15M,KXBTC15M-26JUL280145-45,BTC,YES,5,7.5,2026-07-28T05:45:00Z,"HTF bias is bullish (favor YES / up). This window: YES aligns with HTF. KalshiRules session: asia. KalshiRules entry: YES mid≈10.5¢ → intended limit ~7.5¢ (−3¢ favorable); fill/paper 7.5¢; NEVER BUY >55¢; prefer ≤50¢ for ~2× payout. KalshiRules block/execute: minutes_left=7.9 — outside last-3m block. Model fair YES 19.2¢ vs mid 10.5¢ (edge +8.7¢); index may ≠ Coinbase chart (settlement risk). Trigger: wick-hunt after adverse excursion (excursion_pct=0.1065222128197596, mid_improvement=32.0, arm_side_mid=42.5, now_side_mid=10.5, arm_spot=63454.25, spot=63402.72). Gate=skipped_llm_no_trade. ICT none: api_error: Error code: 400 - {'type': 'error', 'error': {'type': 'invalid_request_error', 'message': 'Your credit balance is too low to access the Anthropic API. Please go to Plans & Billing to upgrade or purchase credits.'}, 'request_id': 'req_011CdTuZ7vCRHoyBptwUZGx9'}",closed,yes,5.0,4.625,2026-07-28T05:46:04Z,/opt/kalshi-15m-bot/charts/20260728T053104Z_BTC_USD_M5_marked.png
334,adverse,2026-07-28T05:54:03Z,KXBTC15M,KXBTC15M-26JUL280200-00,BTC,YES,5,10.5,2026-07-28T06:00:00Z,"HTF bias is bullish (favor YES / up). This window: YES aligns with HTF. KalshiRules session: asia. KalshiRules entry: YES mid≈13.5¢ → intended limit ~10.5¢ (−3¢ favorable); fill/paper 10.5¢; NEVER BUY >55¢; prefer ≤50¢ for ~2× payout. KalshiRules block/execute: minutes_left=5.9 — outside last-3m block. Model fair YES 27.1¢ vs mid 13.5¢ (edge +13.6¢); index may ≠ Coinbase chart (settlement risk). Trigger: wick-hunt after adverse excursion (excursion_pct=0.06468273716044859, mid_improvement=42.0, arm_side_mid=55.5, now_side_mid=13.5, arm_spot=63497.6, spot=63438.01). Gate=skipped_llm_no_trade. ICT none: api_error: Error code: 400 - {'type': 'error', 'error': {'type': 'invalid_request_error', 'message': 'Your credit balance is too low to access the Anthropic API. Please go to Plans & Billing to upgrade or purchase credits.'}, 'request_id': 'req_011CdTvhTWWY3CwNzRgFyPE1'}",closed,no,0.0,-0.525,2026-07-28T06:00:03Z,/opt/kalshi-15m-bot/charts/20260728T054604Z_BTC_USD_M5_marked.png
335,adverse,2026-07-28T05:54:06Z,KXETH15M,KXETH15M-26JUL280200-00,ETH,YES,5,15.5,2026-07-28T06:00:00Z,"HTF bias is bullish (favor YES / up). This window: YES aligns with HTF. KalshiRules session: asia. KalshiRules entry: YES mid≈18.5¢ → intended limit ~15.5¢ (−3¢ favorable); fill/paper 15.5¢; NEVER BUY >55¢; prefer ≤50¢ for ~2× payout. KalshiRules block/execute: minutes_left=5.9 — outside last-3m block. Model fair YES 27.4¢ vs mid 18.5¢ (edge +8.9¢); index may ≠ Coinbase chart (settlement risk). Trigger: wick-hunt after adverse excursion (excursion_pct=0.09226804397050037, mid_improvement=48.0, arm_side_mid=66.5, now_side_mid=18.5, arm_spot=1886.03, spot=1884.07). Gate=skipped_llm_no_trade. ICT none: api_error: Error code: 400 - {'type': 'error', 'error': {'type': 'invalid_request_error', 'message': 'Your credit balance is too low to access the Anthropic API. Please go to Plans & Billing to upgrade or purchase credits.'}, 'request_id': 'req_011CdTvi8ghwycVankGVGVDX'}",closed,no,0.0,-0.775,2026-07-28T06:00:04Z,/opt/kalshi-15m-bot/charts/20260728T054614Z_ETH_USD_M5_marked.png
336,adverse,2026-07-28T06:07:03Z,KXBTC15M,KXBTC15M-26JUL280215-15,BTC,YES,5,7.5,2026-07-28T06:15:00Z,"HTF bias is bullish (favor YES / up). This window: YES aligns with HTF. KalshiRules session: asia. KalshiRules entry: YES mid≈10.5¢ → intended limit ~7.5¢ (−3¢ favorable); fill/paper 7.5¢; NEVER BUY >55¢; prefer ≤50¢ for ~2× payout. KalshiRules block/execute: minutes_left=7.9 — outside last-3m block. Model fair YES 20.9¢ vs mid 10.5¢ (edge +10.4¢); index may ≠ Coinbase chart (settlement risk). Trigger: wick-hunt after adverse excursion (excursion_pct=0.09480435541713295, mid_improvement=34.0, arm_side_mid=44.5, now_side_mid=10.5, arm_spot=63377.39, spot=63344.15). Gate=skipped_llm_no_trade. ICT none: api_error: Error code: 400 - {'type': 'error', 'error': {'type': 'invalid_request_error', 'message': 'Your credit balance is too low to access the Anthropic API. Please go to Plans & Billing to upgrade or purchase credits.'}, 'request_id': 'req_011CdTwqgoYzv7nFcguf8RXW'}",closed,no,0.0,-0.375,2026-07-28T06:15:03Z,/opt/kalshi-15m-bot/charts/20260728T060103Z_BTC_USD_M5_marked.png
337,adverse,2026-07-28T06:07:06Z,KXETH15M,KXETH15M-26JUL280215-15,ETH,YES,5,12.5,2026-07-28T06:15:00Z,"HTF bias is bullish (favor YES / up). This window: YES aligns with HTF. KalshiRules session: asia. KalshiRules entry: YES mid≈15.5¢ → intended limit ~12.5¢ (−3¢ favorable); fill/paper 12.5¢; NEVER BUY >55¢; prefer ≤50¢ for ~2× payout. KalshiRules block/execute: minutes_left=7.9 — outside last-3m block. Model fair YES 27.2¢ vs mid 15.5¢ (edge +11.7¢); index may ≠ Coinbase chart (settlement risk). Trigger: wick-hunt after adverse excursion (excursion_pct=0.09829811427022328, mid_improvement=24.0, arm_side_mid=39.5, now_side_mid=15.5, arm_spot=1881.21, spot=1880.18). Gate=skipped_llm_no_trade. ICT none: api_error: Error code: 400 - {'type': 'error', 'error': {'type': 'invalid_request_error', 'message': 'Your credit balance is too low to access the Anthropic API. Please go to Plans & Billing to upgrade or purchase credits.'}, 'request_id': 'req_011CdTwrHaLQgV76UyWgZXTj'}",closed,no,0.0,-0.625,2026-07-28T06:16:03Z,/opt/kalshi-15m-bot/charts/20260728T060111Z_ETH_USD_M5_marked.png
351,adverse,2026-07-28T12:03:03Z,KXBTC15M,KXBTC15M-26JUL280815-15,BTC,YES,5,17.5,2026-07-28T12:15:00Z,"HTF bias is bullish (favor YES / up). This window: YES aligns with HTF. KalshiRules session: us_off_hours. KalshiRules entry: YES mid≈20.5¢ → intended limit ~17.5¢ (−3¢ favorable); fill/paper 17.5¢; NEVER BUY >55¢; prefer ≤50¢ for ~2× payout. KalshiRules block/execute: minutes_left=11.9 — outside last-3m block. Model fair YES 35.5¢ vs mid 20.5¢ (edge +15.0¢); index may ≠ Coinbase chart (settlement risk). Trigger: wick-hunt after adverse excursion (excursion_pct=0.08075985836206723, mid_improvement=11.0, arm_side_mid=31.5, now_side_mid=20.5, arm_spot=63386.36, spot=63383.75). Gate=skipped_llm_no_trade. ICT none: api_error: Error code: 400 - {'type': 'error', 'error': {'type': 'invalid_request_error', 'message': 'Your credit balance is too low to access the Anthropic API. Please go to Plans & Billing to upgrade or purchase credits.'}, 'request_id': 'req_011CdURHvDpH1TXygmcEL2ti'}",closed,no,0.0,-0.875,2026-07-28T12:16:03Z,/opt/kalshi-15m-bot/charts/20260728T120103Z_BTC_USD_M5_marked.png
352,adverse,2026-07-28T12:10:03Z,KXETH15M,KXETH15M-26JUL280815-15,ETH,YES,5,19.0,2026-07-28T12:15:00Z,"HTF bias is bullish (favor YES / up). This window: YES aligns with HTF. KalshiRules session: us_off_hours. KalshiRules entry: YES mid≈22.0¢ → intended limit ~19.0¢ (−3¢ favorable); fill/paper 19.0¢; NEVER BUY >55¢; prefer ≤50¢ for ~2× payout. KalshiRules block/execute: minutes_left=4.9 — outside last-3m block. Model fair YES 30.8¢ vs mid 22.0¢ (edge +8.8¢); index may ≠ Coinbase chart (settlement risk). Trigger: wick-hunt after adverse excursion (excursion_pct=0.08153955201212204, mid_improvement=3.5, arm_side_mid=25.5, now_side_mid=22.0, arm_spot=1874.6, spot=1874.86). Gate=skipped_llm_no_trade. ICT none: api_error: Error code: 400 - {'type': 'error', 'error': {'type': 'invalid_request_error', 'message': 'Your credit balance is too low to access the Anthropic API. Please go to Plans & Billing to upgrade or purchase credits.'}, 'request_id': 'req_011CdURJfECGkPW2K77t6RxT'}",closed,no,0.0,-0.95,2026-07-28T12:16:04Z,/opt/kalshi-15m-bot/charts/20260728T120113Z_ETH_USD_M5_marked.png
355,adverse,2026-07-28T13:07:03Z,KXETH15M,KXETH15M-26JUL280915-15,ETH,NO,5,34.5,2026-07-28T13:15:00Z,"HTF bias is bearish (favor NO / down). This window: NO aligns with HTF. KalshiRules session: us_off_hours. KalshiRules entry: NO mid≈37.5¢ → intended limit ~34.5¢ (−3¢ favorable); fill/paper 34.5¢; NEVER BUY >55¢; prefer ≤50¢ for ~2× payout. KalshiRules block/execute: minutes_left=7.9 — outside last-3m block. Model fair YES 54.3¢ vs mid 62.5¢ (edge -8.2¢); index may ≠ Coinbase chart (settlement risk). Trigger: wick-hunt after adverse excursion (excursion_pct=0.01586411853669034, mid_improvement=7.5, arm_side_mid=45.0, now_side_mid=37.5, arm_spot=1890.91, spot=1891.36). Gate=skipped_llm_no_trade. ICT none: api_error: Error code: 400 - {'type': 'error', 'error': {'type': 'invalid_request_error', 'message': 'Your credit balance is too low to access the Anthropic API. Please go to Plans & Billing to upgrade or purchase credits.'}, 'request_id': 'req_011CdUVt3H8uPZxh64eXBnqH'}",closed,no,5.0,3.2750000000000004,2026-07-28T13:16:03Z,/opt/kalshi-15m-bot/charts/20260728T130113Z_ETH_USD_M5_marked.png
358,adverse,2026-07-28T13:51:03Z,KXBTC15M,KXBTC15M-26JUL281000-00,BTC,YES,5,32.5,2026-07-28T14:00:00Z,"HTF bias is bullish (favor YES / up). This window: YES aligns with HTF. KalshiRules session: us_rth. KalshiRules entry: YES mid≈35.5¢ → intended limit ~32.5¢ (−3¢ favorable); fill/paper 32.5¢; NEVER BUY >55¢; prefer ≤50¢ for ~2× payout. KalshiRules block/execute: minutes_left=8.9 — outside last-3m block. Model fair YES 44.7¢ vs mid 35.5¢ (edge +9.2¢); index may ≠ Coinbase chart (settlement risk). Trigger: wick-hunt after adverse excursion (excursion_pct=0.024134954914190043, mid_improvement=13.0, arm_side_mid=48.5, now_side_mid=35.5, arm_spot=62908.8, spot=62922.57). Gate=skipped_llm_no_trade. ICT none: api_error: Error code: 400 - {'type': 'error', 'error': {'type': 'invalid_request_error', 'message': 'Your credit balance is too low to access the Anthropic API. Please go to Plans & Billing to upgrade or purchase credits.'}, 'request_id': 'req_011CdUZJKXi4Yr5mGhBH5GWF'}",closed,yes,5.0,3.375,2026-07-28T14:00:03Z,/opt/kalshi-15m-bot/charts/20260728T134603Z_BTC_USD_M5_marked.png
360,adverse,2026-07-28T14:20:06Z,KXETH15M,KXETH15M-26JUL281030-30,ETH,YES,5,7.5,2026-07-28T14:30:00Z,"HTF bias is bullish (favor YES / up). This window: YES aligns with HTF. KalshiRules session: us_rth. KalshiRules entry: YES mid≈10.5¢ → intended limit ~7.5¢ (−3¢ favorable); fill/paper 7.5¢; NEVER BUY >55¢; prefer ≤50¢ for ~2× payout. KalshiRules block/execute: minutes_left=9.9 — outside last-3m block. Model fair YES 19.0¢ vs mid 10.5¢ (edge +8.5¢); index may ≠ Coinbase chart (settlement risk). Trigger: wick-hunt after adverse excursion (excursion_pct=0.3553990234531401, mid_improvement=17.0, arm_side_mid=27.5, now_side_mid=10.5, arm_spot=1869.5, spot=1867.29). Gate=skipped_llm_no_trade. ICT none: api_error: Error code: 400 - {'type': 'error', 'error': {'type': 'invalid_request_error', 'message': 'Your credit balance is too low to access the Anthropic API. Please go to Plans & Billing to upgrade or purchase credits.'}, 'request_id': 'req_011CdUbbkzrL3oYe1VLLTd1o'}",closed,yes,5.0,4.625,2026-07-28T14:31:03Z,/opt/kalshi-15m-bot/charts/20260728T141613Z_ETH_USD_M5_marked.png
363,adverse,2026-07-28T15:06:03Z,KXBTC15M,KXBTC15M-26JUL281115-15,BTC,YES,5,8.5,2026-07-28T15:15:00Z,"HTF bias is bullish (favor YES / up). This window: YES aligns with HTF. KalshiRules session: us_rth. KalshiRules entry: YES mid≈11.5¢ → intended limit ~8.5¢ (−3¢ favorable); fill/paper 8.5¢; NEVER BUY >55¢; prefer ≤50¢ for ~2× payout. KalshiRules block/execute: minutes_left=8.9 — outside last-3m block. Model fair YES 24.7¢ vs mid 11.5¢ (edge +13.2¢); index may ≠ Coinbase chart (settlement risk). Trigger: wick-hunt after adverse excursion (excursion_pct=0.16311702055783472, mid_improvement=44.0, arm_side_mid=55.5, now_side_mid=11.5, arm_spot=63361.5, spot=63243.83). Gate=skipped_llm_no_trade. ICT none: api_error: Error code: 400 - {'type': 'error', 'error': {'type': 'invalid_request_error', 'message': 'Your credit balance is too low to access the Anthropic API. Please go to Plans & Billing to upgrade or purchase credits.'}, 'request_id': 'req_011CdUf27UAxBpvFSyqdkLaP'}",closed,yes,5.0,4.575,2026-07-28T15:16:03Z,/opt/kalshi-15m-bot/charts/20260728T150104Z_BTC_USD_M5_marked.png
364,adverse,2026-07-28T15:35:03Z,KXETH15M,KXETH15M-26JUL281145-45,ETH,NO,5,33.5,2026-07-28T15:45:00Z,"HTF bias is bearish (favor NO / down). This window: NO aligns with HTF. KalshiRules session: us_rth. KalshiRules entry: NO mid≈36.5¢ → intended limit ~33.5¢ (−3¢ favorable); fill/paper 33.5¢; NEVER BUY >55¢; prefer ≤50¢ for ~2× payout. KalshiRules block/execute: minutes_left=9.9 — outside last-3m block. Model fair YES 48.2¢ vs mid 63.5¢ (edge -15.3¢); index may ≠ Coinbase chart (settlement risk). Trigger: wick-hunt after adverse excursion (excursion_pct=-0.03244153982199238, mid_improvement=27.0, arm_side_mid=63.5, now_side_mid=36.5, arm_spot=1908.22, spot=1910.51). Gate=skipped_llm_no_trade. ICT none: api_error: Error code: 400 - {'type': 'error', 'error': {'type': 'invalid_request_error', 'message': 'Your credit balance is too low to access the Anthropic API. Please go to Plans & Billing to upgrade or purchase credits.'}, 'request_id': 'req_011CdUhKSLCFJk4bVSR5BvuL'}",closed,yes,0.0,-1.675,2026-07-28T15:46:03Z,/opt/kalshi-15m-bot/charts/20260728T153112Z_ETH_USD_M5_marked.png
365,adverse,2026-07-28T15:47:03Z,KXBTC15M,KXBTC15M-26JUL281200-00,BTC,NO,5,23.5,2026-07-28T16:00:00Z,"HTF bias is bearish (favor NO / down). This window: NO aligns with HTF. KalshiRules session: us_rth. KalshiRules entry: NO mid≈26.5¢ → intended limit ~23.5¢ (−3¢ favorable); fill/paper 23.5¢; NEVER BUY >55¢; prefer ≤50¢ for ~2× payout. KalshiRules block/execute: minutes_left=12.9 — outside last-3m block. Model fair YES 58.4¢ vs mid 73.5¢ (edge -15.1¢); index may ≠ Coinbase chart (settlement risk). Trigger: wick-hunt after adverse excursion (excursion_pct=0.08570996394006158, mid_improvement=25.0, arm_side_mid=51.5, now_side_mid=26.5, arm_spot=63795.11, spot=63851.23). Gate=skipped_llm_no_trade. ICT none: api_error: Error code: 400 - {'type': 'error', 'error': {'type': 'invalid_request_error', 'message': 'Your credit balance is too low to access the Anthropic API. Please go to Plans & Billing to upgrade or purchase credits.'}, 'request_id': 'req_011CdUiT9WkebW5XXowgkyyJ'}",closed,yes,0.0,-1.1749999999999998,2026-07-28T16:01:03Z,/opt/kalshi-15m-bot/charts/20260728T154604Z_BTC_USD_M5_marked.png
366,adverse,2026-07-28T15:47:06Z,KXETH15M,KXETH15M-26JUL281200-00,ETH,NO,5,24.5,2026-07-28T16:00:00Z,"HTF bias is bearish (favor NO / down). This window: NO aligns with HTF. KalshiRules session: us_rth. KalshiRules entry: NO mid≈27.5¢ → intended limit ~24.5¢ (−3¢ favorable); fill/paper 24.5¢; NEVER BUY >55¢; prefer ≤50¢ for ~2× payout. KalshiRules block/execute: minutes_left=12.9 — outside last-3m block. Model fair YES 57.2¢ vs mid 72.5¢ (edge -15.3¢); index may ≠ Coinbase chart (settlement risk). Trigger: wick-hunt after adverse excursion (excursion_pct=0.1463164825517671, mid_improvement=15.5, arm_side_mid=43.0, now_side_mid=27.5, arm_spot=1917.4, spot=1916.46). Gate=skipped_llm_no_trade. ICT none: api_error: Error code: 400 - {'type': 'error', 'error': {'type': 'invalid_request_error', 'message': 'Your credit balance is too low to access the Anthropic API. Please go to Plans & Billing to upgrade or purchase credits.'}, 'request_id': 'req_011CdUiTqyajzLokbZD51rkT'}",closed,yes,0.0,-1.225,2026-07-28T16:01:04Z,/opt/kalshi-15m-bot/charts/20260728T154613Z_ETH_USD_M5_marked.png
367,adverse,2026-07-28T16:17:03Z,KXETH15M,KXETH15M-26JUL281230-30,ETH,NO,5,32.5,2026-07-28T16:30:00Z,"HTF bias is bearish (favor NO / down). This window: NO aligns with HTF. KalshiRules session: us_rth. KalshiRules entry: NO mid≈35.5¢ → intended limit ~32.5¢ (−3¢ favorable); fill/paper 32.5¢; NEVER BUY >55¢; prefer ≤50¢ for ~2× payout. KalshiRules block/execute: minutes_left=12.9 — outside last-3m block. Model fair YES 53.9¢ vs mid 64.5¢ (edge -10.6¢); index may ≠ Coinbase chart (settlement risk). Trigger: wick-hunt after adverse excursion (excursion_pct=0.07995944540546418, mid_improvement=8.0, arm_side_mid=43.5, now_side_mid=35.5, arm_spot=1913.8, spot=1915.0). Gate=skipped_llm_no_trade. ICT none: api_error: Error code: 400 - {'type': 'error', 'error': {'type': 'invalid_request_error', 'message': 'Your credit balance is too low to access the Anthropic API. Please go to Plans & Billing to upgrade or purchase credits.'}, 'request_id': 'req_011CdUkkTFJXfDYqvh1ndULK'}",closed,yes,0.0,-1.625,2026-07-28T16:30:03Z,/opt/kalshi-15m-bot/charts/20260728T161612Z_ETH_USD_M5_marked.png
368,adverse,2026-07-28T16:20:03Z,KXBTC15M,KXBTC15M-26JUL281230-30,BTC,NO,5,7.5,2026-07-28T16:30:00Z,"HTF bias is bearish (favor NO / down). This window: NO aligns with HTF. KalshiRules session: us_rth. KalshiRules entry: NO mid≈10.5¢ → intended limit ~7.5¢ (−3¢ favorable); fill/paper 7.5¢; NEVER BUY >55¢; prefer ≤50¢ for ~2× payout. KalshiRules block/execute: minutes_left=9.9 — outside last-3m block. Model fair YES 70.4¢ vs mid 89.5¢ (edge -19.1¢); index may ≠ Coinbase chart (settlement risk). Trigger: wick-hunt after adverse excursion (excursion_pct=0.18472342310573708, mid_improvement=35.0, arm_side_mid=45.5, now_side_mid=10.5, arm_spot=63750.99, spot=63867.12). Gate=skipped_llm_no_trade. ICT none: api_error: Error code: 400 - {'type': 'error', 'error': {'type': 'invalid_request_error', 'message': 'Your credit balance is too low to access the Anthropic API. Please go to Plans & Billing to upgrade or purchase credits.'}, 'request_id': 'req_011CdUkjmBHM3NziBQybAjtY'}",closed,yes,0.0,-0.375,2026-07-28T16:31:03Z,/opt/kalshi-15m-bot/charts/20260728T161603Z_BTC_USD_M5_marked.png
371,adverse,2026-07-28T17:48:06Z,KXETH15M,KXETH15M-26JUL281400-00,ETH,NO,5,26.5,2026-07-28T18:00:00Z,"HTF bias is bearish (favor NO / down). This window: NO aligns with HTF. KalshiRules session: us_rth. KalshiRules entry: NO mid≈29.5¢ → intended limit ~26.5¢ (−3¢ favorable); fill/paper 26.5¢; NEVER BUY >55¢; prefer ≤50¢ for ~2× payout. KalshiRules block/execute: minutes_left=11.9 — outside last-3m block. Model fair YES 61.9¢ vs mid 70.5¢ (edge -8.6¢); index may ≠ Coinbase chart (settlement risk). Trigger: wick-hunt after adverse excursion (excursion_pct=0.09656023934274671, mid_improvement=14.0, arm_side_mid=43.5, now_side_mid=29.5, arm_spot=1896.8, spot=1897.02). Gate=skipped_llm_no_trade. ICT none: api_error: Error code: 400 - {'type': 'error', 'error': {'type': 'invalid_request_error', 'message': 'Your credit balance is too low to access the Anthropic API. Please go to Plans & Billing to upgrade or purchase credits.'}, 'request_id': 'req_011CdUscZVw7smKaCkaoMFkP'}",closed,yes,0.0,-1.3250000000000002,2026-07-28T18:01:03Z,/opt/kalshi-15m-bot/charts/20260728T174613Z_ETH_USD_M5_marked.png
372,adverse,2026-07-28T17:50:03Z,KXBTC15M,KXBTC15M-26JUL281400-00,BTC,NO,5,6.75,2026-07-28T18:00:00Z,"HTF bias is bearish (favor NO / down). This window: NO aligns with HTF. KalshiRules session: us_rth. KalshiRules entry: NO mid≈9.8¢ → intended limit ~6.8¢ (−3¢ favorable); fill/paper 6.8¢; NEVER BUY >55¢; prefer ≤50¢ for ~2× payout. KalshiRules block/execute: minutes_left=9.9 — outside last-3m block. Model fair YES 79.1¢ vs mid 90.2¢ (edge -11.2¢); index may ≠ Coinbase chart (settlement risk). Trigger: wick-hunt after adverse excursion (excursion_pct=0.14057129016444847, mid_improvement=23.75, arm_side_mid=33.5, now_side_mid=9.8, arm_spot=63533.22, spot=63587.29). Gate=skipped_llm_no_trade. ICT none: api_error: Error code: 400 - {'type': 'error', 'error': {'type': 'invalid_request_error', 'message': 'Your credit balance is too low to access the Anthropic API. Please go to Plans & Billing to upgrade or purchase credits.'}, 'request_id': 'req_011CdUsbpWoKnWsUKQBhhVpD'}",closed,yes,0.0,-0.3375,2026-07-28T18:01:04Z,/opt/kalshi-15m-bot/charts/20260728T174603Z_BTC_USD_M5_marked.png
373,adverse,2026-07-28T18:02:06Z,KXETH15M,KXETH15M-26JUL281415-15,ETH,NO,5,13.0,2026-07-28T18:15:00Z,"HTF bias is bearish (favor NO / down). This window: NO aligns with HTF. KalshiRules session: us_rth. KalshiRules entry: NO mid≈16.0¢ → intended limit ~13.0¢ (−3¢ favorable); fill/paper 13.0¢; NEVER BUY >55¢; prefer ≤50¢ for ~2× payout. KalshiRules block/execute: minutes_left=12.9 — outside last-3m block. Model fair YES 73.4¢ vs mid 84.0¢ (edge -10.6¢); index may ≠ Coinbase chart (settlement risk). Trigger: wick-hunt after adverse excursion (excursion_pct=0.23588382721508871, mid_improvement=0.5, arm_side_mid=16.5, now_side_mid=16.0, arm_spot=1903.6, spot=1903.72). Gate=skipped_llm_no_trade. ICT none: api_error: Error code: 400 - {'type': 'error', 'error': {'type': 'invalid_request_error', 'message': 'Your credit balance is too low to access the Anthropic API. Please go to Plans & Billing to upgrade or purchase credits.'}, 'request_id': 'req_011CdUtm1KJH3R5WGNNMicoi'}",closed,yes,0.0,-0.65,2026-07-28T18:15:03Z,/opt/kalshi-15m-bot/charts/20260728T180114Z_ETH_USD_M5_marked.png
374,adverse,2026-07-28T18:06:03Z,KXBTC15M,KXBTC15M-26JUL281415-15,BTC,NO,5,9.5,2026-07-28T18:15:00Z,"HTF bias is bearish (favor NO / down). This window: NO aligns with HTF. KalshiRules session: us_rth. KalshiRules entry: NO mid≈12.5¢ → intended limit ~9.5¢ (−3¢ favorable); fill/paper 9.5¢; NEVER BUY >55¢; prefer ≤50¢ for ~2× payout. KalshiRules block/execute: minutes_left=8.9 — outside last-3m block. Model fair YES 74.1¢ vs mid 87.5¢ (edge -13.4¢); index may ≠ Coinbase chart (settlement risk). Trigger: wick-hunt after adverse excursion (excursion_pct=0.09748781402325601, mid_improvement=8.0, arm_side_mid=20.5, now_side_mid=12.5, arm_spot=63684.5, spot=63669.96). Gate=skipped_llm_no_trade. ICT none: api_error: Error code: 400 - {'type': 'error', 'error': {'type': 'invalid_request_error', 'message': 'Your credit balance is too low to access the Anthropic API. Please go to Plans & Billing to upgrade or purchase credits.'}, 'request_id': 'req_011CdUtkHLBmY4i1BXkPs9YF'}",closed,yes,0.0,-0.475,2026-07-28T18:15:04Z,/opt/kalshi-15m-bot/charts/20260728T180105Z_BTC_USD_M5_marked.png
375,adverse,2026-07-28T18:22:06Z,KXETH15M,KXETH15M-26JUL281430-30,ETH,NO,5,28.0,2026-07-28T18:30:00Z,"HTF bias is bearish (favor NO / down). This window: NO aligns with HTF. KalshiRules session: us_rth. KalshiRules entry: NO mid≈31.0¢ → intended limit ~28.0¢ (−3¢ favorable); fill/paper 28.0¢; NEVER BUY >55¢; prefer ≤50¢ for ~2× payout. KalshiRules block/execute: minutes_left=7.9 — outside last-3m block. Model fair YES 58.9¢ vs mid 69.0¢ (edge -10.1¢); index may ≠ Coinbase chart (settlement risk). Trigger: wick-hunt after adverse excursion (excursion_pct=0.07027148917870818, mid_improvement=9.5, arm_side_mid=40.5, now_side_mid=31.0, arm_spot=1907.61, spot=1908.23). Gate=skipped_llm_no_trade. ICT none: api_error: Error code: 400 - {'type': 'error', 'error': {'type': 'invalid_request_error', 'message': 'Your credit balance is too low to access the Anthropic API. Please go to Plans & Billing to upgrade or purchase credits.'}, 'request_id': 'req_011CdUutzx4KDhMjXSTWxS65'}",closed,yes,0.0,-1.4000000000000001,2026-07-28T18:31:03Z,/opt/kalshi-15m-bot/charts/20260728T181610Z_ETH_USD_M5_marked.png
376,adverse,2026-07-28T18:24:03Z,KXBTC15M,KXBTC15M-26JUL281430-30,BTC,NO,5,18.5,2026-07-28T18:30:00Z,"HTF bias is bearish (favor NO / down). This window: NO aligns with HTF. KalshiRules session: us_rth. KalshiRules entry: NO mid≈21.5¢ → intended limit ~18.5¢ (−3¢ favorable); fill/paper 18.5¢; NEVER BUY >55¢; prefer ≤50¢ for ~2× payout. KalshiRules block/execute: minutes_left=5.9 — outside last-3m block. Model fair YES 61.6¢ vs mid 78.5¢ (edge -16.9¢); index may ≠ Coinbase chart (settlement risk). Trigger: wick-hunt after adverse excursion (excursion_pct=0.03548558040766814, mid_improvement=29.0, arm_side_mid=50.5, now_side_mid=21.5, arm_spot=63610.42, spot=63654.06). Gate=skipped_llm_no_trade. ICT none: api_error: Error code: 400 - {'type': 'error', 'error': {'type': 'invalid_request_error', 'message': 'Your credit balance is too low to access the Anthropic API. Please go to Plans & Billing to upgrade or purchase credits.'}, 'request_id': 'req_011CdUutV6hRpVCWXPJrZP2b'}",closed,no,5.0,4.074999999999999,2026-07-28T18:31:04Z,/opt/kalshi-15m-bot/charts/20260728T181603Z_BTC_USD_M5_marked.png
377,adverse,2026-07-28T18:34:03Z,KXBTC15M,KXBTC15M-26JUL281445-45,BTC,NO,5,22.5,2026-07-28T18:45:00Z,"HTF bias is bearish (favor NO / down). This window: NO aligns with HTF. KalshiRules session: us_rth. KalshiRules entry: NO mid≈25.5¢ → intended limit ~22.5¢ (−3¢ favorable); fill/paper 22.5¢; NEVER BUY >55¢; prefer ≤50¢ for ~2× payout. KalshiRules block/execute: minutes_left=10.9 — outside last-3m block. Model fair YES 60.3¢ vs mid 74.5¢ (edge -14.2¢); index may ≠ Coinbase chart (settlement risk). Trigger: wick-hunt after adverse excursion (excursion_pct=0.03911793688637921, mid_improvement=26.0, arm_side_mid=51.5, now_side_mid=25.5, arm_spot=63602.59, spot=63652.99). Gate=skipped_llm_no_trade. ICT none: api_error: Error code: 400 - {'type': 'error', 'error': {'type': 'invalid_request_error', 'message': 'Your credit balance is too low to access the Anthropic API. Please go to Plans & Billing to upgrade or purchase credits.'}, 'request_id': 'req_011CdUw2yUbYSTnFh29yB5Wn'}",closed,yes,0.0,-1.125,2026-07-28T18:46:03Z,/opt/kalshi-15m-bot/charts/20260728T183105Z_BTC_USD_M5_marked.png
378,adverse,2026-07-28T18:34:06Z,KXETH15M,KXETH15M-26JUL281445-45,ETH,NO,5,24.0,2026-07-28T18:45:00Z,"HTF bias is bearish (favor NO / down). This window: NO aligns with HTF. KalshiRules session: us_rth. KalshiRules entry: NO mid≈27.0¢ → intended limit ~24.0¢ (−3¢ favorable); fill/paper 24.0¢; NEVER BUY >55¢; prefer ≤50¢ for ~2× payout. KalshiRules block/execute: minutes_left=10.9 — outside last-3m block. Model fair YES 64.4¢ vs mid 73.0¢ (edge -8.6¢); index may ≠ Coinbase chart (settlement risk). Trigger: wick-hunt after adverse excursion (excursion_pct=0.13265798359864966, mid_improvement=26.5, arm_side_mid=53.5, now_side_mid=27.0, arm_spot=1906.758, spot=1909.69). Gate=skipped_llm_no_trade. ICT none: api_error: Error code: 400 - {'type': 'error', 'error': {'type': 'invalid_request_error', 'message': 'Your credit balance is too low to access the Anthropic API. Please go to Plans & Billing to upgrade or purchase credits.'}, 'request_id': 'req_011CdUw3ggapRNF4YeCMrrt9'}",closed,yes,0.0,-1.2,2026-07-28T18:46:04Z,/opt/kalshi-15m-bot/charts/20260728T183114Z_ETH_USD_M5_marked.png
380,adverse,2026-07-28T18:49:03Z,KXBTC15M,KXBTC15M-26JUL281500-00,BTC,NO,5,22.5,2026-07-28T19:00:00Z,"HTF bias is bearish (favor NO / down). This window: NO aligns with HTF. KalshiRules session: us_rth. KalshiRules entry: NO mid≈25.5¢ → intended limit ~22.5¢ (−3¢ favorable); fill/paper 22.5¢; NEVER BUY >55¢; prefer ≤50¢ for ~2× payout. KalshiRules block/execute: minutes_left=10.9 — outside last-3m block. Model fair YES 62.9¢ vs mid 74.5¢ (edge -11.6¢); index may ≠ Coinbase chart (settlement risk). Trigger: wick-hunt after adverse excursion (excursion_pct=0.0393020348028017, mid_improvement=17.0, arm_side_mid=42.5, now_side_mid=25.5, arm_spot=63694.13, spot=63711.3). Gate=skipped_llm_no_trade. ICT none: api_error: Error code: 400 - {'type': 'error', 'error': {'type': 'invalid_request_error', 'message': 'Your credit balance is too low to access the Anthropic API. Please go to Plans & Billing to upgrade or purchase credits.'}, 'request_id': 'req_011CdUxBNY27RQtb7XDoV5W2'}",closed,no,5.0,3.875,2026-07-28T19:01:03Z,/opt/kalshi-15m-bot/charts/20260728T184605Z_BTC_USD_M5_marked.png
381,adverse,2026-07-28T18:49:06Z,KXETH15M,KXETH15M-26JUL281500-00,ETH,NO,5,27.5,2026-07-28T19:00:00Z,"HTF bias is bearish (favor NO / down). This window: NO aligns with HTF. KalshiRules session: us_rth. KalshiRules entry: NO mid≈30.5¢ → intended limit ~27.5¢ (−3¢ favorable); fill/paper 27.5¢; NEVER BUY >55¢; prefer ≤50¢ for ~2× payout. KalshiRules block/execute: minutes_left=10.9 — outside last-3m block. Model fair YES 55.8¢ vs mid 69.5¢ (edge -13.7¢); index may ≠ Coinbase chart (settlement risk). Trigger: wick-hunt after adverse excursion (excursion_pct=0.0366315701337383, mid_improvement=10.0, arm_side_mid=40.5, now_side_mid=30.5, arm_spot=1911.06, spot=1911.62). Gate=skipped_llm_no_trade. ICT none: api_error: Error code: 400 - {'type': 'error', 'error': {'type': 'invalid_request_error', 'message': 'Your credit balance is too low to access the Anthropic API. Please go to Plans & Billing to upgrade or purchase credits.'}, 'request_id': 'req_011CdUxC26EFfJp8s1ArMTfU'}",closed,no,5.0,3.625,2026-07-28T19:01:04Z,/opt/kalshi-15m-bot/charts/20260728T184614Z_ETH_USD_M5_marked.png
384,adverse,2026-07-28T19:09:03Z,KXETH15M,KXETH15M-26JUL281515-15,ETH,NO,5,11.5,2026-07-28T19:15:00Z,"HTF bias is bearish (favor NO / down). This window: NO aligns with HTF. KalshiRules session: us_rth. KalshiRules entry: NO mid≈14.5¢ → intended limit ~11.5¢ (−3¢ favorable); fill/paper 11.5¢; NEVER BUY >55¢; prefer ≤50¢ for ~2× payout. KalshiRules block/execute: minutes_left=5.9 — outside last-3m block. Model fair YES 71.4¢ vs mid 85.5¢ (edge -14.1¢); index may ≠ Coinbase chart (settlement risk). Trigger: wick-hunt after adverse excursion (excursion_pct=0.06233238350654702, mid_improvement=13.0, arm_side_mid=27.5, now_side_mid=14.5, arm_spot=1911.1, spot=1910.31). Gate=skipped_llm_no_trade. ICT none: api_error: Error code: 400 - {'type': 'error', 'error': {'type': 'invalid_request_error', 'message': 'Your credit balance is too low to access the Anthropic API. Please go to Plans & Billing to upgrade or purchase credits.'}, 'request_id': 'req_011CdUyLUs8yE1PDNTAt6KGk'}",closed,yes,0.0,-0.5750000000000001,2026-07-28T19:16:03Z,/opt/kalshi-15m-bot/charts/20260728T190116Z_ETH_USD_M5_marked.png
386,adverse,2026-07-28T19:24:03Z,KXBTC15M,KXBTC15M-26JUL281530-30,BTC,NO,5,29.5,2026-07-28T19:30:00Z,"HTF bias is bearish (favor NO / down). This window: NO aligns with HTF. KalshiRules session: us_rth. KalshiRules entry: NO mid≈32.5¢ → intended limit ~29.5¢ (−3¢ favorable); fill/paper 29.5¢; NEVER BUY >55¢; prefer ≤50¢ for ~2× payout. KalshiRules block/execute: minutes_left=5.9 — outside last-3m block. Model fair YES 39.8¢ vs mid 67.5¢ (edge -27.7¢); index may ≠ Coinbase chart (settlement risk). Trigger: wick-hunt after adverse excursion (excursion_pct=-0.020442978300139192, mid_improvement=20.0, arm_side_mid=52.5, now_side_mid=32.5, arm_spot=63667.23, spot=63676.33). Gate=skipped_llm_no_trade. ICT none: api_error: Error code: 400 - {'type': 'error', 'error': {'type': 'invalid_request_error', 'message': 'Your credit balance is too low to access the Anthropic API. Please go to Plans & Billing to upgrade or purchase credits.'}, 'request_id': 'req_011CdUzTzrFHG1RtZA4KUFCd'}",closed,no,5.0,3.5250000000000004,2026-07-28T19:30:03Z,/opt/kalshi-15m-bot/charts/20260728T191605Z_BTC_USD_M5_marked.png
387,adverse,2026-07-28T19:24:06Z,KXETH15M,KXETH15M-26JUL281530-30,ETH,NO,5,23.5,2026-07-28T19:30:00Z,"HTF bias is bearish (favor NO / down). This window: NO aligns with HTF. KalshiRules session: us_rth. KalshiRules entry: NO mid≈26.5¢ → intended limit ~23.5¢ (−3¢ favorable); fill/paper 23.5¢; NEVER BUY >55¢; prefer ≤50¢ for ~2× payout. KalshiRules block/execute: minutes_left=5.9 — outside last-3m block. Model fair YES 64.1¢ vs mid 73.5¢ (edge -9.4¢); index may ≠ Coinbase chart (settlement risk). Trigger: wick-hunt after adverse excursion (excursion_pct=0.03661662394727205, mid_improvement=32.5, arm_side_mid=59.0, now_side_mid=26.5, arm_spot=1910.71, spot=1912.4). Gate=skipped_llm_no_trade. ICT none: api_error: Error code: 400 - {'type': 'error', 'error': {'type': 'invalid_request_error', 'message': 'Your credit balance is too low to access the Anthropic API. Please go to Plans & Billing to upgrade or purchase credits.'}, 'request_id': 'req_011CdUzUfUT8zSoTCCeRhKvJ'}",closed,yes,0.0,-1.1749999999999998,2026-07-28T19:31:03Z,/opt/kalshi-15m-bot/charts/20260728T191614Z_ETH_USD_M5_marked.png
